11:19:57.90,-0.08740235,-0.00219727,1.22387695
11:19:58.05,-0.09033204,-0.00317383,1.22875976
11:19:58.19,-0.09399415,-0.0065918,1.22363281
11:19:58.33,-0.09082032,-0.00219727,1.2211914
11:19:58.48,-0.09399415,-0.00219727,1.22753906
11:19:58.60,-0.09545899,-0.00170898,1.21948242
11:19:58.74,-0.09399415,-0.00537109,1.23291015
11:19:58.88,-0.09497071,-0.00024414,1.22460937
11:19:59.04,-0.09423829,0.00317383,1.2290039
11:19:59.18,-0.09155274,0.00073242,1.22680664
11:19:59.32,-0.08984375,-0.00390625,1.22363281
11:19:59.60,-0.09179688,0.00048828,1.23754882
11:19:59.73,-0.09204102,-0.00537109,1.22021484
11:19:59.88,-0.09350586,0,1.22729492
11:20:00.03,-0.08935547,-0.00463867,1.21777343
11:20:00.16,-0.09570313,0.00488281,1.23046875
11:20:00.30,-0.08764649,-0.00048828,1.22436523
11:20:00.44,-0.09448243,-0.00170898,1.23291015
11:20:00.59,-0.0913086,0.00366211,1.23242187
11:20:00.73,-0.09277344,-0.0012207,1.22827148
11:20:00.88,-0.09594727,0.00561523,1.23608398
11:20:01.02,-0.09301758,-0.00170898,1.22827148
11:20:01.14,-0.09204102,-0.00195312,1.2302246
11:20:01.29,-0.08862305,-0.0065918,1.22827148
11:20:01.43,-0.09594727,-0.00463867,1.234375
11:20:01.58,-0.09814454,-0.00219727,1.22143554
11:20:01.72,-0.09619141,-0.00219727,1.22680664
11:20:01.87,-0.09277344,-0.00585938,1.23510742
11:20:02.01,-0.09057618,-0.00561523,1.2302246
11:20:02.15,-0.09838868,-0.00244141,1.23632812
11:20:02.28,-0.09277344,0.00390625,1.234375
11:20:02.42,-0.09716797,0.00390625,1.22924804
11:20:02.57,-0.0979004,-0.00268555,1.22827148
11:20:02.71,-0.09179688,-0.00488281,1.22680664
11:20:02.85,-0.08813477,-0.00170898,1.23046875
11:20:03.00,-0.09667969,0.00024414,1.22338867
11:20:03.13,-0.09326172,-0.00708008,1.23828125
11:20:03.27,-0.09033204,-0.01025391,1.23315429
11:20:03.42,-0.08886719,-0.00244141,1.22631835
11:20:03.56,-0.09326172,-0.00585938,1.22460937
11:20:03.70,-0.09741211,-0.0012207,1.24096679
11:20:03.85,-0.09619141,-0.00073242,1.23242187
11:20:03.99,-0.09887696,0.00024414,1.2368164
11:20:04.12,-0.09204102,-0.00073242,1.22875976
11:20:04.26,-0.09301758,0.00244141,1.22192382
11:20:04.40,-0.09106446,-0.00292969,1.22412109
11:20:04.55,-0.09594727,-0.0012207,1.2265625
11:20:04.70,-0.09497071,-0.00439453,1.23657226
11:20:04.83,-0.08789063,-0.00463867,1.22509765
11:20:04.98,-0.09472657,-0.00024414,1.234375
11:20:05.11,-0.09033204,-0.00097656,1.22436523
11:20:05.25,-0.09619141,-0.00048828,1.23901367
11:20:05.40,-0.08911133,-0.00219727,1.23608398
11:20:05.54,-0.0913086,-0.00219727,1.22802734
11:20:05.68,-0.08984375,-0.00195312,1.23193359
11:20:05.83,-0.09228516,-0.0065918,1.2355957
11:20:05.98,-0.09082032,-0.00366211,1.22607421
11:20:06.10,-0.09472657,-0.00024414,1.21484375
11:20:06.25,-0.09082032,-0.00170898,1.23291015
11:20:06.39,-0.09277344,-0.00219727,1.23144531
11:20:06.53,-0.08813477,-0.00390625,1.22827148
11:20:06.68,-0.09155274,-0.00048828,1.22875976
11:20:06.82,-0.09082032,-0.00561523,1.22753906
11:20:06.97,-0.08691407,0.00048828,1.2265625
11:20:07.09,-0.0991211,-0.00024414,1.22314453
11:20:07.23,-0.09448243,-0.00317383,1.21679687
11:20:07.38,-0.09277344,0,1.23266601
11:20:07.52,-0.08886719,-0.00390625,1.22973632
11:20:07.67,-0.09448243,0.00219727,1.22607421
11:20:07.81,-0.09155274,-0.00561523,1.22973632
11:20:07.94,-0.09375,0.00244141,1.22973632
11:20:08.09,-0.09765625,-0.00024414,1.2302246
11:20:08.22,-0.09619141,-0.00146484,1.22583007
11:20:08.37,-0.09521485,-0.00244141,1.23754882
11:20:08.52,-0.09179688,0.00268555,1.2265625
11:20:08.66,-0.08984375,0.0012207,1.23071289
11:20:08.79,-0.09472657,-0.00439453,1.22583007
11:20:08.93,-0.09350586,-0.00390625,1.22583007
11:20:09.07,-0.10131837,0.00073242,1.22827148
11:20:09.22,-0.09741211,0.00415039,1.23413085
11:20:09.37,-0.09497071,-0.00366211,1.23046875
11:20:09.51,-0.08837891,-0.00244141,1.22583007
11:20:09.64,-0.09326172,0.00219727,1.22607421
11:20:09.78,-0.09057618,-0.00048828,1.2277832
11:20:09.92,-0.09716797,-0.0012207,1.23242187
11:20:10.07,-0.09228516,0.00048828,1.22021484
11:20:10.20,-0.08984375,-0.00341797,1.2265625
11:20:10.35,-0.09814454,-0.00463867,1.23291015
11:20:10.48,-0.08618165,0.00097656,1.22436523
11:20:10.62,-0.09106446,0.00292969,1.22363281
11:20:10.77,-0.09204102,-0.00488281,1.22802734
11:20:10.91,-0.09106446,-0.00097656,1.22973632
11:20:11.06,-0.08886719,-0.0090332,1.2277832
11:20:11.20,-0.09179688,-0.00219727,1.22607421
11:20:11.34,-0.09350586,0.00219727,1.22558593
11:20:11.47,-0.09057618,-0.00585938,1.23291015
11:20:11.62,-0.09179688,-0.00097656,1.2277832
11:20:11.76,-0.09570313,-0.00439453,1.234375
11:20:11.91,-0.09863282,-0.00439453,1.21875
11:20:12.05,-0.08984375,-0.00537109,1.22460937
11:20:12.19,-0.08789063,0.00219727,1.22973632
11:20:12.33,-0.09716797,-0.00390625,1.23266601
11:20:12.46,-0.09594727,-0.0012207,1.23291015
11:20:12.61,-0.08837891,0.00195312,1.22509765
11:20:12.75,-0.09033204,-0.00244141,1.22387695
11:20:12.90,-0.08886719,-0.00073242,1.2355957
11:20:13.04,-0.09228516,0.00244141,1.22607421
11:20:13.18,-0.09399415,0.00097656,1.22827148
11:20:13.31,-0.08740235,-0.00073242,1.23046875
11:20:13.46,-0.09594727,-0.00488281,1.22387695
11:20:13.60,-0.09155274,-0.00585938,1.2290039
11:20:13.74,-0.09497071,0.00439453,1.23217773
11:20:13.89,-0.09448243,-0.00073242,1.23193359
11:20:14.03,-0.09497071,-0.00244141,1.22460937
11:20:14.16,-0.09033204,0.00195312,1.21630859
11:20:14.30,-0.09179688,-0.00537109,1.22753906
11:20:14.44,-0.09570313,-0.00195312,1.22851562
11:20:14.59,-0.09204102,0,1.22851562
11:20:14.74,-0.08911133,-0.0012207,1.23461914
11:20:14.88,-0.09326172,-0.00390625,1.2302246
11:20:15.02,-0.09350586,0.00244141,1.22998046
11:20:15.15,-0.09082032,-0.00244141,1.23291015
11:20:15.30,-0.08666993,-0.00268555,1.22607421
11:20:15.44,-0.09057618,0.00146484,1.22607421
11:20:15.58,-0.08813477,0.00219727,1.23266601
11:20:15.73,-0.09570313,-0.00366211,1.22412109
11:20:15.87,-0.09619141,0.00488281,1.22680664
11:20:16.00,-0.0913086,-0.00024414,1.23144531
11:20:16.14,-0.09643555,-0.00097656,1.22265625
11:20:16.29,-0.09155274,-0.00268555,1.23120117
11:20:16.43,-0.09179688,-0.00292969,1.23339843
11:20:16.57,-0.0925293,0.00073242,1.22192382
11:20:16.71,-0.09643555,0.00268555,1.2211914
11:20:16.84,-0.0859375,-0.00048828,1.23461914
11:20:16.99,-0.0979004,-0.00390625,1.2211914
11:20:17.13,-0.0900879,0.00097656,1.23608398
11:20:17.28,-0.09277344,0.00268555,1.23144531
11:20:17.42,-0.09448243,-0.00244141,1.22338867
11:20:17.56,-0.09082032,0.00195312,1.24047851
11:20:17.68,-0.09277344,-0.00170898,1.23632812
11:20:17.84,-0.08911133,-0.00292969,1.23095703
11:20:17.97,-0.09155274,-0.00244141,1.23144531
11:20:18.13,-0.08496094,-0.00341797,1.22753906
11:20:18.27,-0.08496094,0.00170898,1.22680664
11:20:18.41,-0.09643555,-0.00708008,1.23071289
11:20:18.56,-0.09179688,-0.00146484,1.22924804
11:20:18.68,-0.0925293,-0.00512695,1.22363281
11:20:18.83,-0.09521485,-0.00048828,1.22338867
11:20:18.97,-0.0847168,0.00097656,1.23364257
11:20:19.12,-0.09033204,-0.00341797,1.23144531
11:20:19.26,-0.09179688,0.0065918,1.22827148
11:20:19.40,-0.09082032,-0.00463867,1.22460937
11:20:19.53,-0.09228516,-0.00268555,1.23876953
11:20:19.67,-0.09375,-0.00390625,1.22949218
11:20:19.82,-0.0925293,-0.00512695,1.21972656
11:20:19.96,-0.08569336,-0.0065918,1.22607421
11:20:20.11,-0.09570313,-0.00610352,1.22167968
11:20:20.25,-0.0900879,-0.00488281,1.23242187
11:20:20.39,-0.09228516,0.00097656,1.22753906
11:20:20.52,-0.08886719,-0.0012207,1.23876953
11:20:20.66,-0.08276368,-0.00048828,1.22387695
11:20:20.81,-0.0900879,0.00073242,1.22094726
11:20:20.96,-0.0979004,-0.00317383,1.22167968
11:20:21.09,-0.08715821,0.00341797,1.22607421
11:20:21.24,-0.08911133,-0.00366211,1.22167968
11:20:21.39,-0.09497071,-0.00219727,1.22973632
11:20:21.51,-0.09423829,-0.00317383,1.2199707
11:20:21.66,-0.09106446,-0.00439453,1.22680664
11:20:21.80,-0.08618165,-0.00170898,1.22998046
11:20:21.95,-0.09399415,-0.00488281,1.22558593
11:20:22.09,-0.08959961,-0.00146484,1.22290039
11:20:22.23,-0.09497071,-0.00048828,1.22534179
11:20:22.38,-0.09179688,-0.00073242,1.22705078
11:20:22.50,-0.09643555,-0.00512695,1.22314453
11:20:22.65,-0.08959961,0,1.22387695
11:20:22.79,-0.09692383,-0.00390625,1.22216796
11:20:22.93,-0.09277344,0.00219727,1.22338867
11:20:23.08,-0.09228516,-0.00024414,1.23120117
11:20:23.23,-0.08886719,-0.00097656,1.22827148
11:20:23.35,-0.09741211,-0.00537109,1.2380371
11:20:23.49,-0.09448243,-0.00073242,1.23144531
11:20:23.64,-0.09106446,-0.00244141,1.23071289
11:20:23.78,-0.09106446,-0.00219727,1.22875976
11:20:23.92,-0.09106446,0.00170898,1.23852539
11:20:24.07,-0.08789063,0.00170898,1.23242187
11:20:24.20,-0.09423829,0.00439453,1.22827148
11:20:24.34,-0.09643555,-0.00268555,1.22583007
11:20:24.49,-0.08715821,-0.00048828,1.22290039
11:20:24.63,-0.09545899,-0.00341797,1.22705078
11:20:24.77,-0.09057618,0.00244141,1.23413085
11:20:24.92,-0.09082032,-0.00317383,1.23315429
11:20:25.06,-0.08496094,-0.00073242,1.22485351
11:20:25.19,-0.0913086,-0.00048828,1.23461914
11:20:25.33,-0.0913086,0.00244141,1.23095703
11:20:25.47,-0.09179688,-0.00610352,1.23095703
11:20:25.62,-0.09350586,-0.00097656,1.22558593
11:20:25.76,-0.09814454,0.00048828,1.22875976
11:20:25.91,-0.09082032,-0.00537109,1.23144531
11:20:26.05,-0.09521485,-0.00170898,1.2355957
11:20:26.18,-0.09155274,-0.0012207,1.22680664
11:20:26.32,-0.09497071,-0.00292969,1.22314453
11:20:26.47,-0.0913086,0.00292969,1.22363281
11:20:26.61,-0.09423829,-0.0078125,1.22851562
11:20:26.75,-0.09619141,-0.0012207,1.2290039
11:20:26.90,-0.0913086,-0.00463867,1.22924804
11:20:27.03,-0.0900879,0.00439453,1.2265625
11:20:27.17,-0.08837891,0.00024414,1.22583007
11:20:27.31,-0.09716797,-0.00048828,1.22924804
11:20:27.46,-0.0900879,0.00732422,1.2265625
11:20:27.60,-0.08544922,-0.00610352,1.22680664
11:20:27.74,-0.08959961,-0.00170898,1.22509765
11:20:27.89,-0.09448243,-0.00146484,1.22534179
11:20:28.02,-0.09399415,0.00561523,1.23217773
11:20:28.16,-0.09521485,-0.00097656,1.23217773
11:20:28.31,-0.0979004,-0.00073242,1.23339843
11:20:28.45,-0.0900879,-0.00463867,1.22827148
11:20:28.60,-0.09326172,-0.00146484,1.2211914
11:20:28.74,-0.0925293,-0.00317383,1.22290039
11:20:28.87,-0.09619141,0.00219727,1.21972656
11:20:29.01,-0.08984375,-0.00195312,1.22558593
11:20:29.16,-0.08691407,-0.00244141,1.22827148
11:20:29.30,-0.09057618,0.00170898,1.22729492
11:20:29.44,-0.0913086,-0.00488281,1.22534179
11:20:29.58,-0.09301758,0.00048828,1.22680664
11:20:29.71,-0.09106446,-0.00634766,1.23632812
11:20:29.86,-0.09375,0.00341797,1.23291015
11:20:30.00,-0.09521485,-0.00366211,1.22875976
11:20:30.15,-0.09399415,-0.00317383,1.23071289
11:20:30.29,-0.0900879,-0.00024414,1.2211914
11:20:30.43,-0.09399415,-0.00097656,1.23364257
11:20:30.57,-0.09179688,-0.00073242,1.23168945
11:20:30.70,-0.09204102,-0.00244141,1.234375
11:20:30.85,-0.09228516,-0.00048828,1.23144531
11:20:30.99,-0.09277344,-0.00439453,1.22412109
11:20:31.14,-0.09204102,0.00170898,1.22265625
11:20:31.28,-0.09375,0.00195312,1.22436523
11:20:31.43,-0.09277344,-0.00268555,1.23046875
11:20:31.55,-0.08886719,0.00317383,1.22827148
11:20:31.70,-0.09619141,-0.00439453,1.22753906
11:20:31.84,-0.08813477,0.00341797,1.22460937
11:20:31.98,-0.09106446,-0.0012207,1.22802734
11:20:32.12,-0.09375,-0.00073242,1.23339843
11:20:32.27,-0.08959961,-0.00146484,1.23754882
11:20:32.41,-0.09277344,0.00170898,1.22045898
11:20:32.54,-0.08911133,-0.00292969,1.22363281
11:20:32.69,-0.09082032,0.00146484,1.2290039
11:20:32.83,-0.09033204,-0.00219727,1.22851562
11:20:32.97,-0.08911133,0.00195312,1.22851562
11:20:33.11,-0.09448243,-0.00073242,1.2302246
11:20:33.26,-0.09497071,0.00024414,1.22753906
11:20:33.39,-0.08862305,-0.00219727,1.22485351
11:20:33.54,-0.09057618,-0.00512695,1.22460937
11:20:33.68,-0.0913086,-0.00170898,1.22485351
11:20:33.82,-0.08959961,-0.00268555,1.23046875
11:20:33.96,-0.0925293,-0.00024414,1.23095703
11:20:34.11,-0.09277344,0.00219727,1.2224121
11:20:34.26,-0.09667969,-0.00561523,1.2290039
11:20:34.38,-0.09448243,-0.0065918,1.23339843
11:20:34.53,-0.08886719,0.00219727,1.2277832
11:20:34.67,-0.09448243,-0.00048828,1.22607421
11:20:34.82,-0.09472657,-0.00048828,1.22973632
11:20:34.96,-0.0900879,0.00244141,1.2290039
11:20:35.10,-0.09106446,-0.00390625,1.23071289
11:20:35.23,-0.09448243,0.00268555,1.23266601
11:20:35.37,-0.1003418,-0.00390625,1.23071289
11:20:35.52,-0.09423829,-0.00463867,1.2265625
11:20:35.66,-0.09570313,-0.00048828,1.23413085
11:20:35.81,-0.0925293,0.00463867,1.23144531
11:20:35.95,-0.09326172,-0.00366211,1.22485351
11:20:36.09,-0.09179688,-0.00634766,1.22412109
11:20:36.21,-0.09936524,-0.00024414,1.2277832
11:20:36.37,-0.09570313,-0.00463867,1.22607421
11:20:36.51,-0.09570313,-0.00195312,1.2302246
11:20:36.65,-0.09301758,-0.00512695,1.22729492
11:20:36.80,-0.09594727,0.00146484,1.2380371
11:20:36.94,-0.09106446,0.00048828,1.23144531
11:20:37.07,-0.09179688,-0.00097656,1.22485351
11:20:37.21,-0.09497071,-0.00439453,1.22631835
11:20:37.35,-0.08959961,-0.00170898,1.22265625
11:20:37.50,-0.08398438,0.00048828,1.2224121
11:20:37.64,-0.09326172,-0.00146484,1.22509765
11:20:37.79,-0.09204102,-0.00073242,1.2277832
11:20:37.91,-0.09570313,0.00073242,1.23583984
11:20:38.05,-0.0900879,-0.00146484,1.23217773
11:20:38.20,-0.0913086,-0.00024414,1.22216796
11:20:38.35,-0.09033204,0.00073242,1.22705078
11:20:38.49,-0.09228516,0.00073242,1.22412109
11:20:38.64,-0.08911133,0.00219727,1.2265625
11:20:38.76,-0.09057618,0.00341797,1.23144531
11:20:38.91,-0.09594727,0.00561523,1.22192382
11:20:39.05,-0.09082032,0.00244141,1.23168945
11:20:39.19,-0.09033204,-0.00512695,1.22509765
11:20:39.34,-0.09472657,0.00024414,1.23242187
11:20:39.48,-0.09301758,-0.00097656,1.23657226
11:20:39.61,-0.09179688,-0.00512695,1.22631835
11:20:39.75,-0.08666993,0.00219727,1.2277832
11:20:39.90,-0.09228516,0.00341797,1.23046875
11:20:40.04,-0.09057618,-0.00170898,1.22802734
11:20:40.18,-0.08740235,-0.00146484,1.23120117
11:20:40.33,-0.09179688,0,1.2277832
11:20:40.46,-0.09472657,0.00170898,1.23876953
11:20:40.60,-0.09521485,-0.00415039,1.22851562
11:20:40.75,-0.0913086,-0.00415039,1.22363281
11:20:40.88,-0.09375,-0.00097656,1.22924804
11:20:41.03,-0.09033204,0.00073242,1.2265625
11:20:41.18,-0.08740235,-0.00292969,1.22412109
11:20:41.30,-0.08935547,-0.00244141,1.23193359
11:20:41.44,-0.08911133,0.00341797,1.22045898
11:20:41.59,-0.08740235,0.00170898,1.23168945
11:20:41.74,-0.08984375,0.00170898,1.22851562
11:20:41.88,-0.09399415,-0.00219727,1.22314453
11:20:42.02,-0.08935547,-0.00292969,1.23291015
11:20:42.15,-0.08764649,-0.00292969,1.22729492
11:20:42.29,-0.09106446,-0.00170898,1.23364257
11:20:42.43,-0.09057618,0.0012207,1.22167968
11:20:42.58,-0.09228516,-0.00317383,1.23828125
11:20:42.73,-0.0913086,0.00024414,1.22802734
11:20:42.87,-0.0859375,-0.00097656,1.23120117
11:20:43.01,-0.09741211,-0.00317383,1.23071289
11:20:43.14,-0.09228516,0.00390625,1.22998046
11:20:43.28,-0.09228516,0.00073242,1.2380371
11:20:43.43,-0.08813477,0.00292969,1.2199707
11:20:43.57,-0.09350586,0.00219727,1.22167968
11:20:43.71,-0.09399415,0,1.22363281
11:20:43.84,-0.09619141,-0.00097656,1.2277832
11:20:43.99,-0.08520508,0.00024414,1.22753906
11:20:44.13,-0.08911133,-0.0078125,1.23144531
11:20:44.28,-0.09155274,-0.0065918,1.2290039
11:20:44.42,-0.09326172,-0.00805664,1.2224121
11:20:44.56,-0.09545899,-0.0012207,1.23193359
11:20:44.69,-0.09741211,0.00415039,1.22094726
11:20:44.84,-0.09179688,-0.00146484,1.22924804
11:20:44.98,-0.08544922,0.00048828,1.23217773
11:20:45.12,-0.09350586,-0.00244141,1.2302246
11:20:45.27,-0.09277344,0.00048828,1.234375
11:20:45.41,-0.08959961,0.00341797,1.23315429
11:20:45.54,-0.0925293,0.00170898,1.2380371
11:20:45.68,-0.08862305,-0.00170898,1.22534179
11:20:45.82,-0.09228516,0.00170898,1.22070312
11:20:45.97,-0.08984375,-0.00219727,1.23095703
11:20:46.11,-0.09179688,-0.00317383,1.23144531
11:20:46.25,-0.09350586,-0.00341797,1.22680664
11:20:46.38,-0.08984375,-0.00073242,1.23510742
11:20:46.53,-0.08911133,-0.00073242,1.23242187
11:20:46.67,-0.09179688,-0.00512695,1.22558593
11:20:46.82,-0.09423829,-0.00488281,1.22412109
11:20:46.96,-0.09448243,0.00170898,1.23413085
11:20:47.11,-0.09204102,-0.00366211,1.22753906
11:20:47.25,-0.09472657,-0.00341797,1.21948242
11:20:47.38,-0.08789063,0.00073242,1.23095703
11:20:47.52,-0.09277344,-0.00146484,1.21899414
11:20:47.67,-0.09155274,-0.00390625,1.22387695
11:20:47.81,-0.09570313,0,1.22290039
11:20:47.95,-0.09423829,0.00366211,1.2265625
11:20:48.10,-0.09082032,-0.00317383,1.2290039
11:20:48.23,-0.09399415,-0.00097656,1.23339843
11:20:48.37,-0.09033204,-0.00585938,1.21899414
11:20:48.51,-0.09033204,-0.00756836,1.22607421
11:20:48.66,-0.09326172,0.0065918,1.23046875
11:20:48.80,-0.08837891,-0.00488281,1.234375
11:20:48.94,-0.08666993,-0.00048828,1.23095703
11:20:49.09,-0.09326172,-0.00561523,1.2368164
11:20:49.21,-0.09399415,-0.00097656,1.23315429
11:20:49.36,-0.09277344,0.00219727,1.23388671
11:20:49.51,-0.09179688,0.00292969,1.23242187
11:20:49.64,-0.09765625,-0.00048828,1.23095703
11:20:49.79,-0.09277344,-0.00683594,1.23413085
11:20:49.93,-0.09204102,0,1.22607421
11:20:50.06,-0.08935547,-0.00195312,1.23168945
11:20:50.21,-0.09472657,0.00537109,1.22924804
11:20:50.35,-0.09643555,-0.00463867,1.23217773
11:20:50.50,-0.08642579,-0.00732422,1.23291015
11:20:50.64,-0.09179688,-0.00268555,1.23217773
11:20:50.78,-0.09497071,-0.00415039,1.2265625
11:20:50.93,-0.08886719,0.00097656,1.23168945
11:20:51.06,-0.09521485,-0.00439453,1.22729492
11:20:51.20,-0.09228516,-0.00708008,1.2265625
11:20:51.35,-0.09350586,-0.00268555,1.22875976
11:20:51.49,-0.09545899,-0.00366211,1.2224121
11:20:51.63,-0.09155274,-0.00024414,1.22680664
11:20:51.77,-0.09204102,-0.00634766,1.21972656
11:20:51.92,-0.08935547,0.00317383,1.2265625
11:20:52.05,-0.09350586,-0.00170898,1.23095703
11:20:52.19,-0.09228516,-0.00170898,1.23535156
11:20:52.34,-0.08984375,-0.00073242,1.22314453
11:20:52.47,-0.09521485,-0.00244141,1.22314453
11:20:52.62,-0.08496094,-0.00195312,1.23608398
11:20:52.77,-0.09179688,0.00488281,1.23315429
11:20:52.90,-0.08959961,0.00268555,1.21948242
11:20:53.04,-0.09375,0.0012207,1.23046875
11:20:53.18,-0.09667969,-0.00366211,1.22558593
11:20:53.32,-0.09643555,-0.00097656,1.22680664
11:20:53.47,-0.09204102,-0.00488281,1.23486328
11:20:53.62,-0.08837891,0,1.22827148
11:20:53.74,-0.09350586,-0.00170898,1.23364257
11:20:53.89,-0.09179688,-0.00561523,1.23754882
11:20:54.03,-0.08764649,-0.00561523,1.22753906
11:20:54.17,-0.08666993,0,1.22949218
11:20:54.32,-0.09375,-0.00146484,1.22167968
11:20:54.46,-0.09033204,-0.00024414,1.22875976
11:20:54.61,-0.09375,-0.00146484,1.23706054
11:20:54.73,-0.09570313,0.00512695,1.22460937
11:20:54.88,-0.09472657,-0.00341797,1.23168945
11:20:55.02,-0.09497071,-0.00366211,1.23144531
11:20:55.17,-0.09863282,-0.00170898,1.22509765
11:20:55.30,-0.0979004,-0.00463867,1.22680664
11:20:55.45,-0.09057618,0.00634766,1.22338867
11:20:55.60,-0.09228516,-0.00097656,1.22534179
11:20:55.72,-0.09350586,0.00097656,1.22387695
11:20:55.87,-0.09619141,0.00170898,1.22290039
11:20:56.01,-0.08422852,-0.00244141,1.23168945
11:20:56.16,-0.09448243,0,1.22729492
11:20:56.30,-0.09179688,0.00268555,1.22875976
11:20:56.43,-0.08911133,0.00195312,1.23193359
11:20:56.57,-0.08691407,-0.00195312,1.22924804
11:20:56.71,-0.08789063,-0.00219727,1.21752929
11:20:56.86,-0.09423829,-0.00195312,1.22094726
11:20:57.00,-0.08911133,0.00341797,1.22338867
11:20:57.14,-0.08911133,-0.00634766,1.23217773
11:20:57.29,-0.09497071,-0.00268555,1.23388671
11:20:57.41,-0.09619141,-0.00146484,1.24389648
11:20:57.56,-0.09082032,0.00097656,1.22729492
11:20:57.70,-0.08959961,-0.00170898,1.23071289
11:20:57.85,-0.09545899,-0.00219727,1.23217773
11:20:57.99,-0.08813477,-0.00292969,1.23168945
11:20:58.14,-0.08642579,-0.00683594,1.23535156
11:20:58.27,-0.09521485,0.00073242,1.22729492
11:20:58.40,-0.09204102,-0.00146484,1.21875
11:20:58.55,-0.09057618,-0.00390625,1.23535156
11:20:58.70,-0.09057618,-0.00317383,1.22827148
11:20:58.84,-0.09497071,-0.06274414,1.34985351
11:20:58.99,-0.08837891,-0.00292969,1.2265625
11:20:59.13,-0.09057618,0.00024414,1.23828125
11:20:59.25,-0.08715821,-0.00341797,1.22973632
11:20:59.40,-0.09082032,0.0012207,1.23217773
11:20:59.55,-0.08959961,0.00170898,1.23046875
11:20:59.68,-0.09228516,-0.00366211,1.23168945
11:20:59.83,-0.09204102,-0.00195312,1.23608398
11:20:59.98,-0.09716797,-0.00073242,1.22973632
11:21:00.10,-0.09399415,0.00170898,1.22094726
11:21:00.25,-0.09106446,-0.00415039,1.22998046
11:21:00.39,-0.09423829,-0.0012207,1.21972656
11:21:00.53,-0.09326172,-0.00097656,1.23291015
11:21:00.68,-0.09814454,0.00048828,1.22924804
11:21:00.83,-0.08618165,-0.00292969,1.23388671
11:21:00.96,-0.09619141,-0.00219727,1.22851562
11:21:01.09,-0.0900879,0.00048828,1.22998046
11:21:01.24,-0.09179688,-0.00244141,1.22753906
11:21:01.38,-0.0847168,0.00439453,1.23168945
11:21:01.53,-0.09082032,0.00097656,1.22436523
11:21:01.67,-0.09399415,-0.00170898,1.23168945
11:21:01.80,-0.09545899,0.0065918,1.22607421
11:21:01.94,-0.08496094,-0.00439453,1.22583007
11:21:02.09,-0.09448243,-0.00512695,1.23291015
11:21:02.23,-0.08984375,-0.00390625,1.21972656
11:21:02.38,-0.09472657,-0.00708008,1.22680664
11:21:02.52,-0.09838868,-0.00537109,1.22949218
11:21:02.66,-0.08740235,0.00048828,1.22729492
11:21:02.78,-0.0900879,-0.00292969,1.22436523
11:21:02.93,-0.09057618,-0.00244141,1.23046875
11:21:03.08,-0.09033204,-0.00146484,1.23095703
11:21:03.22,-0.08935547,-0.00170898,1.22558593
11:21:03.36,-0.09228516,-0.00146484,1.2277832
11:21:03.51,-0.08959961,0.0012207,1.22485351
11:21:03.64,-0.08642579,0.00097656,1.22192382
11:21:03.78,-0.09497071,-0.00634766,1.22875976
11:21:03.92,-0.09423829,0.00048828,1.23144531
11:21:04.07,-0.09057618,-0.00195312,1.22607421
11:21:04.21,-0.09375,0.00097656,1.23095703
11:21:04.36,-0.08886719,0.00073242,1.2224121
11:21:04.49,-0.09301758,0.00268555,1.23120117
11:21:04.63,-0.0925293,0.00292969,1.22705078
11:21:04.77,-0.09619141,0.00195312,1.22290039
11:21:04.91,-0.09204102,-0.00219727,1.22583007
11:21:05.05,-0.09375,-0.00219727,1.21826171
11:21:05.21,-0.09301758,-0.00366211,1.22973632
11:21:05.33,-0.0913086,-0.00415039,1.23266601
11:21:05.48,-0.09179688,-0.00292969,1.23364257
11:21:05.62,-0.09423829,0.00048828,1.23095703
11:21:05.77,-0.09301758,0.00317383,1.23583984
11:21:05.91,-0.09155274,-0.00634766,1.2199707
11:21:06.05,-0.09423829,-0.00439453,1.22949218
11:21:06.20,-0.0979004,-0.00488281,1.22729492
11:21:06.31,-0.09326172,-0.01074219,1.2224121
11:21:06.47,-0.09033204,0.00219727,1.23510742
11:21:06.61,-0.09497071,-0.00048828,1.23168945
11:21:06.76,-0.09521485,-0.00048828,1.23632812
11:21:06.90,-0.08862305,0.00390625,1.21704101
11:21:07.04,-0.09692383,0.00195312,1.2290039
11:21:07.17,-0.09423829,-0.00415039,1.23046875
11:21:07.31,-0.08666993,0,1.22558593
11:21:07.46,-0.08886719,0.00170898,1.22705078
11:21:07.60,-0.08837891,-0.00317383,1.22851562
11:21:07.75,-0.08300782,0.00268555,1.22631835
11:21:07.89,-0.09228516,-0.00634766,1.2277832
11:21:08.02,-0.09472657,-0.00170898,1.22509765
11:21:08.16,-0.0900879,0.00024414,1.22265625
11:21:08.31,-0.09375,-0.00683594,1.23413085
11:21:08.45,-0.09179688,-0.00024414,1.23242187
11:21:08.59,-0.09472657,-0.00463867,1.21972656
11:21:08.73,-0.09448243,0.00170898,1.234375
11:21:08.87,-0.09326172,0.00488281,1.23339843
11:21:09.01,-0.09594727,0.0012207,1.22949218
11:21:09.15,-0.09448243,0.00561523,1.2368164
11:21:09.30,-0.08984375,0.00097656,1.23168945
11:21:09.44,-0.10205079,-0.00366211,1.22436523
11:21:09.59,-0.09179688,-0.00195312,1.22509765
11:21:09.71,-0.09033204,0.00439453,1.22558593
11:21:09.86,-0.09643555,0.00219727,1.22192382
11:21:10.00,-0.09741211,-0.00292969,1.22729492
11:21:10.14,-0.08959961,-0.00292969,1.23071289
11:21:10.28,-0.09667969,-0.00292969,1.22314453
11:21:10.43,-0.08862305,-0.00317383,1.23266601
11:21:10.56,-0.09545899,0.00073242,1.23486328
11:21:10.71,-0.08544922,-0.00415039,1.23120117
11:21:10.85,-0.09106446,-0.00048828,1.2302246
11:21:10.99,-0.09814454,-0.00073242,1.23999023
11:21:11.13,-0.08862305,-0.0012207,1.23120117
11:21:11.28,-0.09472657,0.00097656,1.22558593
11:21:11.40,-0.09057618,0.00170898,1.23144531
11:21:11.55,-0.09155274,-0.00073242,1.2290039
11:21:11.70,-0.00244141,1.2290039,
11:21:11.84,-0.0913086,0.00195312,1.22680664
11:21:11.98,-0.08691407,0.00805664,1.2211914
11:21:12.13,-0.08959961,0.00170898,1.23046875
11:21:12.25,-0.08935547,-0.00317383,1.22998046
11:21:12.40,-0.09326172,0,1.2145996
11:21:12.54,-0.09326172,0.00024414,1.22607421
11:21:12.69,-0.09887696,-0.00146484,1.23120117
11:21:12.83,-0.09545899,-0.00341797,1.22802734
11:21:12.98,-0.08911133,-0.00048828,1.22143554
11:21:13.10,-0.08569336,-0.00512695,1.22167968
11:21:13.25,-0.09692383,0.00390625,1.22998046
11:21:13.39,-0.09350586,0.00292969,1.22802734
11:21:13.53,-0.09277344,-0.00073242,1.22949218
11:21:13.67,-0.09570313,0.00292969,1.22875976
11:21:13.82,-0.0913086,-0.00146484,1.22998046
11:21:13.95,-0.09033204,-0.0065918,1.22802734
11:21:14.09,-0.09643555,-0.00463867,1.22924804
11:21:14.24,-0.09301758,-0.01000977,1.22558593
11:21:14.38,-0.09277344,-0.00048828,1.21826171
11:21:14.53,-0.09716797,0.00195312,1.24121093
11:21:14.67,-0.09204102,0.00390625,1.22558593
11:21:14.79,-0.09228516,0.00170898,1.22973632
11:21:14.94,-0.09716797,-0.00341797,1.22949218
11:21:15.08,-0.09057618,-0.00268555,1.2265625
11:21:15.23,-0.08935547,-0.0078125,1.23339843
11:21:15.37,-0.09228516,0.00341797,1.22314453
11:21:15.52,-0.09106446,-0.00317383,1.22875976
11:21:15.66,-0.08813477,-0.00268555,1.22827148
11:21:15.79,-0.08764649,-0.00683594,1.2265625
11:21:15.93,-0.09570313,0,1.23217773
11:21:16.08,-0.09399415,0.00537109,1.22827148
11:21:16.22,-0.09375,-0.00439453,1.23583984
11:21:16.36,-0.08691407,-0.00488281,1.21704101
11:21:16.50,-0.09082032,-0.0065918,1.2265625
11:21:16.64,-0.09936524,-0.00146484,1.23095703
11:21:16.78,-0.09570313,0.00024414,1.23730468
11:21:16.93,-0.09106446,0.00219727,1.23657226
11:21:17.07,-0.0900879,-0.00366211,1.22583007
11:21:17.21,-0.08911133,-0.00097656,1.2277832
11:21:17.35,-0.09570313,0.00561523,1.22167968
11:21:17.48,-0.08813477,-0.00317383,1.22949218
11:21:17.63,-0.08789063,-0.00561523,1.22143554
11:21:17.77,-0.08911133,-0.00317383,1.22827148
11:21:17.91,-0.09521485,-0.00268555,1.22485351
11:21:18.06,-0.0925293,-0.0012207,1.22875976
11:21:18.20,-0.09106446,-0.00537109,1.2265625
11:21:18.34,-0.0913086,-0.00317383,1.22680664
11:21:18.49,-0.08862305,-0.00146484,1.22949218
11:21:18.62,-0.09619141,-0.00463867,1.22583007
11:21:18.76,-0.09277344,0.00097656,1.23535156
11:21:18.90,-0.09375,-0.00439453,1.2355957
11:21:19.05,-0.08959961,-0.0078125,1.22631835
11:21:19.19,-0.09155274,-0.00244141,1.23168945
11:21:19.33,-0.09521485,-0.00585938,1.2290039
11:21:19.48,-0.0900879,-0.00610352,1.23388671
11:21:19.61,-0.10009766,0.00219727,1.22363281
11:21:19.75,-0.09423829,-0.00146484,1.23632812
11:21:19.90,-0.08935547,0.00195312,1.22680664
11:21:20.04,-0.09838868,-0.00244141,1.22729492
11:21:20.19,-0.09619141,0.00146484,1.22680664
11:21:20.33,-0.09326172,-0.00537109,1.22485351
11:21:20.46,-0.09326172,0.00097656,1.22729492
11:21:20.59,-0.09277344,0.00390625,1.22265625
11:21:20.74,-0.09497071,0.00195312,1.2277832
11:21:20.89,-0.08740235,-0.00561523,1.23046875
11:21:21.03,-0.09326172,0.00488281,1.22460937
11:21:21.16,-0.09301758,-0.00146484,1.23242187
11:21:21.30,-0.09692383,0.00317383,1.23583984
11:21:21.45,-0.09057618,0.00415039,1.23168945
11:21:21.59,-0.09594727,-0.00146484,1.2265625
11:21:21.88,-0.09277344,-0.00463867,1.22680664
11:21:22.01,-0.08715821,-0.00317383,1.22851562
11:21:22.15,-0.09472657,-0.00463867,1.22875976
11:21:22.29,-0.09301758,0.00024414,1.22583007
11:21:22.44,-0.09179688,-0.00097656,1.22875976
11:21:22.58,-0.09082032,0.00292969,1.22387695
11:21:22.72,-0.08935547,-0.00292969,1.2302246
11:21:22.86,-0.09228516,-0.00634766,1.23608398
11:21:23.00,-0.09545899,0.00097656,1.23315429
11:21:23.14,-0.09448243,-0.00366211,1.24096679
11:21:23.29,-0.09399415,0.00048828,1.22753906
11:21:23.43,-0.14721679,0.11669923,1.23413085
11:21:23.57,-0.09228516,-0.00512695,1.23095703
11:21:23.70,-0.09545899,-0.00512695,1.22973632
11:21:23.84,-0.09423829,-0.00341797,1.22485351
11:21:23.99,-0.09106446,-0.00732422,1.22460937
11:21:24.13,-0.08935547,0.00073242,1.22753906
11:21:24.28,-0.0913086,-0.00610352,1.22167968
11:21:24.42,-0.09057618,-0.00048828,1.22338867
11:21:24.57,-0.0900879,-0.00610352,1.21875
11:21:24.69,-0.09497071,0.00439453,1.23168945
11:21:24.83,-0.09375,0.00463867,1.21630859
11:21:24.98,-0.0979004,0.00415039,1.23364257
11:21:25.13,-0.09448243,-0.00366211,1.22753906
11:21:25.27,-0.08422852,0.00463867,1.21704101
11:21:25.41,-0.0900879,-0.00195312,1.22070312
11:21:25.54,-0.09741211,-0.00073242,1.22583007
11:21:25.69,-0.09155274,0.00390625,1.22387695
11:21:25.83,-0.0925293,-0.00708008,1.22949218
11:21:25.97,-0.09497071,0,1.22705078
11:21:26.11,-0.09350586,0.00170898,1.2302246
11:21:26.25,-0.08935547,0.00146484,1.22534179
11:21:26.39,-0.09082032,-0.00146484,1.22729492
11:21:26.53,-0.08959961,-0.00512695,1.22094726
11:21:26.67,-0.09375,-0.00073242,1.23901367
11:21:26.81,-0.09399415,-0.00219727,1.22802734
11:21:26.96,-0.09106446,-0.00268555,1.21826171
11:21:27.11,-0.09960938,-0.00097656,1.2355957
11:21:27.25,-0.09448243,-0.00439453,1.23071289
11:21:27.38,-0.09399415,-0.00292969,1.21875
11:21:27.52,-0.09765625,-0.00512695,1.23242187
11:21:27.67,-0.09228516,0.00463867,1.23095703
11:21:27.81,-0.09301758,-0.00708008,1.23461914
11:21:27.96,-0.08691407,-0.00634766,1.22729492
11:21:28.10,-0.09106446,-0.00732422,1.22485351
11:21:28.24,-0.0913086,-0.00390625,1.2290039
11:21:28.37,-0.08374024,-0.00488281,1.22192382
11:21:28.51,-0.09326172,-0.00268555,1.22216796
11:21:28.65,-0.09155274,-0.00488281,1.21826171
11:21:28.80,-0.09033204,-0.00170898,1.22167968
11:21:28.95,-0.08862305,-0.00024414,1.22998046
11:21:29.09,-0.09326172,-0.00244141,1.22534179
11:21:29.23,-0.08642579,0.00024414,1.22924804
11:21:29.36,-0.09301758,-0.00708008,1.22827148
11:21:29.50,-0.09350586,-0.00268555,1.22338867
11:21:29.65,-0.09204102,0.00366211,1.23071289
11:21:29.79,-0.09619141,-0.00366211,1.2290039
11:21:29.94,-0.09155274,-0.0012207,1.23193359
11:21:30.08,-0.09423829,0.00170898,1.23876953
11:21:30.21,-0.09472657,0.00268555,1.23193359
11:21:30.35,-0.09765625,-0.00244141,1.23486328
11:21:30.50,-0.08984375,-0.00244141,1.22998046
11:21:30.64,-0.09204102,-0.00073242,1.22338867
11:21:30.79,-0.09375,0.00561523,1.23486328
11:21:30.93,-0.08789063,0.00341797,1.23168945
11:21:31.06,-0.08862305,0.00488281,1.23510742
11:21:31.20,-0.08911133,-0.0012207,1.23144531
11:21:31.34,-0.09228516,-0.00830078,1.234375
11:21:31.49,-0.0913086,-0.00854492,1.22558593
11:21:31.63,-0.08984375,0.00073242,1.2265625
11:21:31.78,-0.09667969,-0.00244141,1.23168945
11:21:31.90,-0.09667969,0.00439453,1.23242187
11:21:32.04,-0.09204102,-0.00415039,1.22851562
11:21:32.19,-0.12817382,0.12084962,1.3071289
11:21:32.33,-0.09619141,-0.00683594,1.2290039
11:21:32.48,-0.09033204,0.00390625,1.23754882
11:21:32.62,-0.09082032,0.00317383,1.23071289
11:21:32.75,-0.0925293,-0.00488281,1.22558593
11:21:32.90,-0.09228516,-0.00292969,1.2224121
11:21:33.04,-0.08813477,-0.00146484,1.22290039
11:21:33.18,-0.08520508,0.0012207,1.2355957
11:21:33.32,-0.09838868,-0.00317383,1.22387695
11:21:33.47,-0.08959961,-0.00634766,1.23071289
11:21:33.60,-0.09155274,0.00268555,1.21826171
11:21:33.74,-0.08935547,-0.00488281,1.22753906
11:21:33.89,-0.09423829,0,1.22338867
11:21:34.03,-0.09033204,-0.00219727,1.22680664
11:21:34.17,-0.09155274,-0.00341797,1.2211914
11:21:34.32,-0.08959961,-0.00097656,1.22875976
11:21:34.46,-0.09521485,0.00195312,1.22973632
11:21:34.59,-0.09033204,-0.00732422,1.22851562
11:21:34.73,-0.09472657,-0.00073242,1.22509765
11:21:34.88,-0.09082032,0,1.23071289
11:21:35.02,-0.09277344,-0.00634766,1.22387695
11:21:35.16,-0.09497071,-0.00244141,1.23730468
11:21:35.31,-0.09228516,-0.00170898,1.23706054
11:21:35.45,-0.09423829,-0.00537109,1.2368164
11:21:35.58,-0.09448243,0.00024414,1.21777343
11:21:35.72,-0.09423829,-0.00244141,1.22753906
11:21:35.87,-0.09375,0.00170898,1.22949218
11:21:36.01,-0.09301758,-0.00292969,1.22338867
11:21:36.15,-0.09399415,0.00048828,1.23364257
11:21:36.28,-0.09472657,-0.00366211,1.2211914
11:21:36.43,-0.09033204,-0.00317383,1.22363281
11:21:36.57,-0.08911133,-0.0012207,1.22143554
11:21:36.71,-0.09375,-0.00317383,1.22949218
11:21:36.86,-0.09814454,-0.00439453,1.23754882
11:21:37.00,-0.09643555,-0.00390625,1.23291015
11:21:37.15,-0.08740235,0.00097656,1.22753906
11:21:37.28,-0.09326172,-0.00610352,1.22485351
11:21:37.41,-0.08911133,-0.00585938,1.23168945
11:21:37.56,-0.0925293,-0.00244141,1.22070312
11:21:37.71,-0.09204102,0.00146484,1.23046875
11:21:37.85,-0.09277344,0.00415039,1.23706054
11:21:37.99,-0.0900879,-0.00366211,1.21826171
11:21:38.14,-0.08862305,-0.0012207,1.23095703
11:21:38.27,-0.09204102,-0.00170898,1.22680664
11:21:38.41,-0.09228516,0.00195312,1.23046875
11:21:38.55,-0.08789063,0.00073242,1.22729492
11:21:38.69,-0.09423829,-0.00366211,1.23266601
11:21:38.84,-0.09375,-0.0012207,1.22680664
11:21:38.98,-0.09448243,0.00170898,1.22802734
11:21:39.11,-0.08764649,-0.00317383,1.2302246
11:21:39.26,-0.09423829,-0.00439453,1.23120117
11:21:39.40,-0.03955078,0.29101562,1.32617187
11:21:39.55,-0.0900879,-0.01025391,1.23071289
11:21:39.69,-0.09033204,-0.00219727,1.23046875
11:21:39.83,-0.08862305,0,1.2290039
11:21:39.96,-0.09228516,0.00170898,1.22680664
11:21:40.10,-0.08740235,-0.00512695,1.22827148
11:21:40.25,-0.0925293,0.00415039,1.22460937
11:21:40.39,-0.08813477,-0.00292969,1.22460937
11:21:40.54,-0.0913086,-0.00415039,1.23071289
11:21:40.68,-0.09497071,0,1.2302246
11:21:40.81,-0.09472657,-0.00463867,1.23706054
11:21:40.95,-0.0991211,-0.00512695,1.22802734
11:21:41.10,-0.09301758,-0.00024414,1.22192382
11:21:41.24,-0.09350586,-0.00292969,1.22387695
11:21:41.38,-0.09545899,0.00341797,1.22509765
11:21:41.52,-0.09350586,0.00048828,1.2277832
11:21:41.66,-0.09106446,0.00073242,1.23242187
11:21:41.80,-0.09301758,0.00292969,1.23168945
11:21:41.94,-0.08886719,0.00292969,1.21972656
11:21:42.08,-0.09228516,0.00463867,1.23242187
11:21:42.23,-0.09179688,-0.00170898,1.22851562
11:21:42.38,-0.09033204,0.00097656,1.23413085
11:21:42.50,-0.09472657,0.00439453,1.22583007
11:21:42.64,-0.09057618,-0.00170898,1.22973632
11:21:42.79,-0.09863282,-0.00366211,1.24023437
11:21:42.93,-0.09155274,0.00292969,1.21899414
11:21:43.07,-0.09155274,0.00390625,1.22998046
11:21:43.21,-0.09326172,-0.00317383,1.22314453
11:21:43.35,-0.09106446,-0.00634766,1.2265625
11:21:43.48,-0.0913086,-0.00708008,1.23852539
11:21:43.64,-0.09448243,-0.00927734,1.22216796
11:21:43.78,-0.09716797,0.00097656,1.23266601
11:21:43.92,-0.09448243,-0.00512695,1.22973632
11:21:44.07,-0.09716797,-0.00317383,1.22607421
11:21:44.20,-0.08837891,-0.00195312,1.24047851
11:21:44.34,-0.08813477,-0.00341797,1.22534179
11:21:44.49,-0.0925293,-0.00048828,1.2290039
11:21:44.63,-0.08813477,-0.0012207,1.23291015
11:21:44.77,-0.09155274,-0.00170898,1.22924804
11:21:44.92,-0.09057618,0.00463867,1.22314453
11:21:45.06,-0.09106446,0.0012207,1.22338867
11:21:45.19,-0.09545899,-0.00219727,1.2265625
11:21:45.33,-0.09570313,-0.00537109,1.22485351
11:21:45.47,-0.03613281,0.00073242,1.2692871
11:21:45.62,-0.09350586,-0.00830078,1.22387695
11:21:45.76,-0.08862305,0.0012207,1.22680664
11:21:45.91,-0.09082032,-0.00415039,1.22924804
11:21:46.04,-0.08935547,-0.0012207,1.23095703
11:21:46.18,-0.09423829,0.00439453,1.22949218
11:21:46.32,-0.09497071,-0.00268555,1.22436523
11:21:46.46,-0.09228516,0.00048828,1.23095703
11:21:46.61,-0.09497071,-0.00292969,1.21875
11:21:46.76,-0.09545899,-0.00146484,1.2224121
11:21:46.90,-0.09545899,-0.00244141,1.2302246
11:21:47.02,-0.0900879,-0.00268555,1.22534179
11:21:47.17,-0.09204102,0.00097656,1.22851562
11:21:47.31,-0.09228516,-0.00341797,1.22973632
11:21:47.46,-0.09057618,-0.00146484,1.23364257
11:21:47.60,-0.09301758,-0.00415039,1.23339843
11:21:47.74,-0.08886719,-0.01000977,1.22314453
11:21:47.89,-0.09033204,-0.00634766,1.22412109
11:21:48.01,-0.09472657,0.00341797,1.22631835
11:21:48.16,-0.09863282,-0.00292969,1.22021484
11:21:48.30,-0.0925293,-0.00390625,1.2211914
11:21:48.45,-0.09667969,-0.00073242,1.22851562
11:21:48.59,-0.09521485,-0.00268555,1.22167968
11:21:48.73,-0.08642579,0.00244141,1.22607421
11:21:48.86,-0.08886719,-0.00244141,1.22680664
11:21:49.01,-0.09887696,-0.00439453,1.2265625
11:21:49.15,-0.09228516,0.00024414,1.22143554
11:21:49.30,-0.09082032,-0.00219727,1.22338867
11:21:49.44,-0.0847168,-0.00024414,1.21972656
11:21:49.58,-0.09301758,0.00024414,1.22143554
11:21:49.71,-0.09155274,-0.00268555,1.22729492
11:21:49.86,-0.09033204,0.00073242,1.22583007
11:21:50.00,-0.0925293,-0.00170898,1.22363281
11:21:50.14,-0.09448243,-0.00195312,1.22802734
11:21:50.29,-0.09277344,-0.00537109,1.22290039
11:21:50.43,-0.09204102,0.00268555,1.22998046
11:21:50.56,-0.09204102,0.00097656,1.21899414
11:21:50.70,-0.09228516,-0.00512695,1.23242187
11:21:50.84,-0.09423829,-0.00317383,1.21972656
11:21:50.99,-0.08691407,-0.00097656,1.2290039
11:21:51.14,-0.09619141,-0.00146484,1.22802734
11:21:51.28,-0.09301758,0.00024414,1.22509765
11:21:51.42,-0.09106446,-0.00561523,1.22436523
11:21:51.55,-0.09985352,-0.00097656,1.22680664
11:21:51.69,-0.09741211,-0.00268555,1.21557617
11:21:51.84,-0.09350586,-0.00537109,1.22338867
11:21:51.98,-0.09082032,-0.00048828,1.22045898
11:21:52.12,-0.08886719,-0.00146484,1.22363281
11:21:52.27,-0.09228516,0.00097656,1.23535156
11:21:52.41,-0.08959961,0.00415039,1.22167968
11:21:52.54,-0.09497071,0.00048828,1.22680664
11:21:52.68,-0.09667969,-0.01879883,1.22509765
11:21:52.83,-0.09497071,0.00170898,1.22045898
11:21:52.97,-0.09277344,-0.00097656,1.22387695
11:21:53.12,-0.09399415,-0.00244141,1.23144531
11:21:53.26,-0.09472657,-0.00170898,1.2277832
11:21:53.39,-0.09692383,-0.00390625,1.2211914
11:21:53.54,-0.09399415,-0.00537109,1.22583007
11:21:53.68,-0.0913086,-0.00317383,1.23168945
11:21:53.82,-0.08691407,-0.00195312,1.22167968
11:21:53.97,-0.09082032,-0.00268555,1.23217773
11:21:54.11,-0.09423829,-0.00024414,1.22827148
11:21:54.25,-0.09326172,-0.00244141,1.22314453
11:21:54.38,-0.09057618,0.00048828,1.22583007
11:21:54.52,-0.09521485,-0.00317383,1.22998046
11:21:54.67,-0.08911133,0.00170898,1.23388671
11:21:54.81,-0.09326172,-0.00146484,1.23486328
11:21:54.95,-0.09082032,-0.00268555,1.21752929
11:21:55.10,-0.0925293,-0.00366211,1.22460937
11:21:55.25,-0.09936524,-0.00219727,1.21752929
11:21:55.37,-0.08935547,0.00244141,1.22705078
11:21:55.51,-0.09082032,-0.00317383,1.22363281
11:21:55.66,-0.09594727,-0.00683594,1.23071289
11:21:55.80,-0.08813477,-0.00097656,1.2265625
11:21:55.95,-0.09594727,-0.00195312,1.21850585
11:21:56.09,-0.0900879,-0.00805664,1.23339843
11:21:56.23,-0.09155274,-0.00097656,1.22680664
11:21:56.36,-0.08935547,-0.00244141,1.22363281
11:21:56.50,-0.09497071,0.00024414,1.2355957
11:21:56.65,-0.09228516,-0.00488281,1.22998046
11:21:56.79,-0.09375,-0.00097656,1.22192382
11:21:56.94,-0.08959961,-0.00390625,1.22753906
11:21:57.08,-0.08789063,0.00219727,1.22851562
11:21:57.21,-0.09301758,-0.0012207,1.23266601
11:21:57.35,-0.08618165,-0.00439453,1.22583007
11:21:57.49,-0.09619141,0.00097656,1.23120117
11:21:57.64,-0.09082032,-0.00024414,1.23095703
11:21:57.79,-0.09155274,-0.00024414,1.22412109
11:21:57.92,-0.08813477,-0.00292969,1.22680664
11:21:58.07,-0.09497071,-0.00488281,1.23120117
11:21:58.20,-0.09082032,0.00439453,1.22973632
11:21:58.34,-0.08959961,-0.00512695,1.21801757
11:21:58.49,-0.09082032,-0.00292969,1.22265625
11:21:58.63,-0.09667969,0,1.22314453
11:21:58.77,-0.0925293,-0.00512695,1.22558593
11:21:58.92,-0.0913086,-0.00390625,1.2199707
11:21:59.05,-0.09179688,0,1.22558593
11:21:59.19,-0.09057618,-0.00268555,1.23046875
11:21:59.34,-0.08862305,-0.00048828,1.22802734
11:21:59.48,-0.08789063,-0.00317383,1.2265625
11:21:59.62,-0.09570313,0.00219727,1.22485351
11:21:59.77,-0.09448243,0,1.22485351
11:21:59.91,-0.09643555,-0.0012207,1.22802734
11:22:00.04,-0.09399415,0.00244141,1.22973632
11:22:00.18,-0.08862305,-0.00146484,1.23706054
11:22:00.32,-0.09423829,-0.00073242,1.2290039
11:22:00.47,-0.09204102,0.00024414,1.22827148
11:22:00.61,-0.09399415,-0.00244141,1.22094726
11:22:00.76,-0.08911133,0.00073242,1.22143554
11:22:00.89,-0.09545899,-0.0012207,1.22412109
11:22:01.03,-0.09326172,-0.0065918,1.2290039
11:22:01.18,-0.09228516,0.00219727,1.23266601
11:22:01.31,-0.09619141,0.00195312,1.21948242
11:22:01.46,-0.10009766,-0.00268555,1.23095703
11:22:01.61,-0.09301758,-0.00219727,1.22973632
11:22:01.74,-0.09594727,0.00170898,1.22875976
11:22:01.88,-0.09741211,-0.00439453,1.22509765
11:22:02.02,-0.10009766,0.00512695,1.22705078
11:22:02.16,-0.09082032,-0.00292969,1.23364257
11:22:02.31,-0.09399415,-0.00415039,1.2355957
11:22:02.45,-0.09472657,0.00097656,1.21630859
11:22:02.58,-0.09838868,-0.00341797,1.22680664
11:22:02.73,-0.09545899,-0.00537109,1.22827148
11:22:02.87,-0.09155274,0,1.22314453
11:22:03.01,-0.09106446,0.00268555,1.22167968
11:22:03.15,-0.09375,-0.00219727,1.22680664
11:22:03.29,-0.09570313,-0.00292969,1.21875
11:22:03.43,-0.09448243,0.00048828,1.22753906
11:22:03.57,-0.08959961,-0.00244141,1.23486328
11:22:03.72,-0.09594727,-0.00317383,1.22167968
11:22:03.86,-0.08911133,-0.00463867,1.23608398
11:22:04.00,-0.0925293,0.00292969,1.22753906
11:22:04.15,-0.0913086,-0.00170898,1.23852539
11:22:04.29,-0.09155274,-0.00292969,1.22924804
11:22:04.42,-0.09375,0.00488281,1.22290039
11:22:04.56,-0.09155274,-0.00244141,1.23071289
11:22:04.71,-0.09228516,0.00048828,1.22558593
11:22:04.85,-0.09619141,-0.00317383,1.24023437
11:22:05.00,-0.09497071,-0.00073242,1.22460937
11:22:05.13,-0.08984375,-0.00756836,1.22753906
11:22:05.27,-0.09375,-0.00463867,1.2265625
11:22:05.41,0.17846679,-0.08251954,1.14990234
11:22:05.56,-0.08862305,-0.00952148,1.22729492
11:22:05.70,-0.08715821,-0.00463867,1.21899414
11:22:05.84,-0.08959961,0.00488281,1.22534179
11:22:05.99,-0.09863282,-0.00146484,1.22973632
11:22:06.13,-0.08935547,-0.00341797,1.22460937
11:22:06.25,-0.09741211,0.0012207,1.22607421
11:22:06.40,-0.09399415,0.00146484,1.22485351
11:22:06.55,-0.09716797,0,1.22290039
11:22:06.69,-0.09423829,-0.00268555,1.22167968
11:22:06.84,-0.09057618,-0.00170898,1.2211914
11:22:06.96,-0.0900879,0,1.2302246
11:22:07.10,-0.09399415,-0.00073242,1.2277832
11:22:07.25,-0.09497071,-0.00097656,1.22387695
11:22:07.39,-0.09277344,-0.00292969,1.23510742
11:22:07.53,-0.09765625,-0.00317383,1.22460937
11:22:07.68,-0.09228516,-0.00268555,1.22387695
11:22:07.82,-0.08911133,-0.0012207,1.22973632
11:22:07.97,-0.09350586,-0.00708008,1.22387695
11:22:08.10,-0.0913086,-0.00219727,1.2199707
11:22:08.24,-0.09350586,-0.00317383,1.23535156
11:22:08.39,-0.08984375,-0.00048828,1.22949218
11:22:08.53,-0.08813477,-0.00146484,1.22094726
11:22:08.67,-0.09521485,0.00341797,1.22998046
11:22:08.82,-0.08886719,-0.00097656,1.22680664
11:22:08.96,-0.09326172,-0.00219727,1.22753906
11:22:09.09,-0.09228516,0.0012207,1.2290039
11:22:09.23,-0.08764649,-0.00146484,1.22851562
11:22:09.38,-0.09155274,0.00219727,1.23046875
11:22:09.52,-0.09448243,-0.00219727,1.22436523
11:22:09.66,-0.08715821,-0.00146484,1.22949218
11:22:09.81,-0.09765625,-0.00219727,1.22607421
11:22:09.94,-0.1003418,0.00244141,1.22753906
11:22:10.08,-0.09155274,-0.00463867,1.22167968
11:22:10.22,-0.09350586,0.00415039,1.23876953
11:22:10.37,-0.09106446,0.00024414,1.22387695
11:22:10.51,-0.09204102,-0.00463867,1.22167968
11:22:10.66,-0.09082032,-0.00878906,1.22387695
11:22:10.78,-0.09619141,0.0012207,1.23242187
11:22:10.93,-0.0900879,0.00488281,1.22607421
11:22:11.07,-0.09277344,-0.00317383,1.22680664
11:22:11.21,-0.0900879,-0.00195312,1.22851562
11:22:11.35,-0.09228516,0.00439453,1.22705078
11:22:11.49,-0.09814454,0.00341797,1.22290039
11:22:11.63,-0.09301758,0.00097656,1.23388671
11:22:11.77,-0.08862305,-0.00024414,1.22436523
11:22:11.92,-0.08959961,-0.00146484,1.20922851
11:22:12.06,-0.09619141,-0.00024414,1.23364257
11:22:12.21,-0.09423829,0.00341797,1.21704101
11:22:12.35,-0.08618165,-0.00073242,1.23388671
11:22:12.48,-0.0925293,0.00561523,1.22534179
11:22:12.62,-0.09155274,0.00195312,1.23046875
11:22:12.77,-0.09082032,0.00244141,1.22412109
11:22:12.91,-0.09057618,0.00073242,1.22314453
11:22:13.05,-0.09155274,-0.00488281,1.22485351
11:22:13.18,-0.09057618,0.00244141,1.23046875
11:22:13.33,-0.0900879,-0.00024414,1.22412109
11:22:13.47,-0.09497071,-0.00439453,1.22827148
11:22:13.61,-0.09326172,-0.00268555,1.23486328
11:22:13.75,-0.08862305,-0.00024414,1.22827148
11:22:13.90,-0.09643555,-0.00219727,1.23193359
11:22:14.04,-0.09399415,-0.00512695,1.22949218
11:22:14.17,-0.09326172,0.00195312,1.22387695
11:22:14.31,-0.08959961,0.00146484,1.21728515
11:22:14.46,-0.09277344,-0.00366211,1.22875976
11:22:14.60,-0.08837891,-0.00170898,1.23413085
11:22:14.74,-0.09423829,-0.00317383,1.22607421
11:22:14.89,-0.09545899,-0.00390625,1.23095703
11:22:15.01,-0.09545899,0.00097656,1.23168945
11:22:15.16,-0.08886719,0.00244141,1.22680664
11:22:15.31,-0.0925293,-0.00097656,1.22314453
11:22:15.45,-0.09228516,0.00048828,1.22607421
11:22:15.60,-0.0900879,-0.0012207,1.21875
11:22:15.74,-0.08642579,-0.00195312,1.22802734
11:22:15.86,-0.08911133,-0.00146484,1.22216796
11:22:16.01,-0.10009766,-0.00146484,1.22387695
11:22:16.15,-0.08789063,0,1.23046875
11:22:16.30,-0.09350586,0.00097656,1.2277832
11:22:16.44,-0.08886719,0.00244141,1.22680664
11:22:16.58,-0.09423829,0.00195312,1.22509765
11:22:16.71,-0.09228516,-0.0012207,1.2224121
11:22:16.86,-0.09204102,0.00390625,1.22827148
11:22:17.00,-0.08666993,-0.00683594,1.23608398
11:22:17.15,-0.08618165,-0.00219727,1.22167968
11:22:17.29,-0.09619141,0,1.22753906
11:22:17.43,-0.09033204,-0.00317383,1.22631835
11:22:17.56,-0.09179688,0.0012207,1.23071289
11:22:17.70,-0.09741211,0.00024414,1.23071289
11:22:17.85,-0.09204102,-0.00244141,1.22436523
11:22:17.99,-0.09423829,-0.00488281,1.22363281
11:22:18.14,-0.09082032,-0.00073242,1.23608398
11:22:18.28,-0.09204102,-0.00732422,1.23071289
11:22:18.42,-0.10058594,-0.00219727,1.22192382
11:22:18.55,-0.09716797,0.00073242,1.22192382
11:22:18.70,-0.09204102,-0.00195312,1.22363281
11:22:18.84,-0.09155274,0.00366211,1.2265625
11:22:18.98,-0.09765625,0.00439453,1.2302246
11:22:19.12,-0.09814454,0.00537109,1.22460937
11:22:19.25,-0.09497071,-0.00170898,1.22265625
11:22:19.40,-0.08691407,0.00073242,1.21899414
11:22:19.54,-0.08935547,-0.00195312,1.22924804
11:22:19.69,-0.09692383,-0.00292969,1.22045898
11:22:19.83,-0.09399415,-0.00219727,1.2224121
11:22:19.98,-0.08837891,-0.00073242,1.2355957
11:22:20.11,-0.09106446,-0.0012207,1.22924804
11:22:20.24,-0.09570313,0.00073242,1.22045898
11:22:20.39,-0.08862305,0.00292969,1.22216796
11:22:20.53,-0.09350586,0.00268555,1.22094726
11:22:20.68,-0.0991211,0,1.22412109
11:22:20.82,-0.09667969,0.00512695,1.22729492
11:22:20.95,-0.0913086,0.00683594,1.22167968
11:22:21.09,-0.09619141,-0.10009766,1.1911621
11:22:21.24,-0.0913086,-0.00073242,1.22851562
11:22:21.38,-0.08837891,-0.00146484,1.22534179
11:22:21.53,-0.09619141,-0.00561523,1.21777343
11:22:21.67,-0.09179688,0.00097656,1.23217773
11:22:21.81,-0.0913086,-0.00268555,1.22583007
11:22:21.94,-0.09326172,0.00219727,1.22509765
11:22:22.09,-0.08959961,-0.00463867,1.22045898
11:22:22.23,-0.09716797,-0.00463867,1.22363281
11:22:22.37,-0.08911133,0.00146484,1.23291015
11:22:22.52,-0.09375,0.00219727,1.22314453
11:22:22.65,-0.09472657,0.00317383,1.22534179
11:22:22.79,-0.09643555,-0.00390625,1.23339843
11:22:22.93,-0.09326172,-0.00878906,1.22387695
11:22:23.07,-0.09033204,0,1.2265625
11:22:23.22,-0.08691407,-0.00219727,1.22631835
11:22:23.37,-0.09033204,-0.00341797,1.23095703
11:22:23.51,-0.09301758,-0.00610352,1.22460937
11:22:23.64,-0.09301758,0,1.22534179
11:22:23.78,-0.09204102,-0.00415039,1.22412109
11:22:23.92,-0.09350586,-0.00146484,1.22729492
11:22:24.06,-0.09350586,0.00390625,1.21850585
11:22:24.21,-0.09521485,0.00097656,1.22753906
11:22:24.35,-0.09765625,-0.00390625,1.22387695
11:22:24.48,-0.09204102,-0.00195312,1.22802734
11:22:24.63,-0.08715821,-0.0012207,1.22802734
11:22:24.77,-0.09350586,-0.00292969,1.22363281
11:22:24.91,-0.0900879,0.0012207,1.23950195
11:22:25.06,-0.09716797,-0.00292969,1.234375
11:22:25.20,-0.09057618,-0.00097656,1.23413085
11:22:25.35,-0.08984375,-0.00024414,1.21972656
11:22:25.48,-0.09399415,-0.0090332,1.23168945
11:22:25.62,-0.09204102,0,1.23388671
11:22:25.76,-0.09179688,-0.00024414,1.22851562
11:22:25.91,-0.09472657,0.00244141,1.2302246
11:22:26.05,-0.08789063,-0.01074219,1.23095703
11:22:26.19,-0.0913086,-0.00073242,1.23120117
11:22:26.32,-0.08813477,0.00195312,1.23120117
11:22:26.47,-0.06738281,0.01293945,1.21801757
11:22:26.61,-0.09423829,-0.00146484,1.22680664
11:22:26.75,-0.09375,-0.00585938,1.22534179
11:22:26.90,-0.09228516,-0.00219727,1.22509765
11:22:27.04,-0.09619141,-0.00146484,1.22631835
11:22:27.19,-0.09155274,-0.00170898,1.23242187
11:22:27.32,-0.09619141,-0.00097656,1.22436523
11:22:27.46,-0.08959961,-0.00219727,1.22314453
11:22:27.60,-0.09301758,-0.00585938,1.2290039
11:22:27.75,-0.09228516,-0.00683594,1.22875976
11:22:27.89,-0.09155274,-0.00073242,1.22729492
11:22:28.03,-0.08959961,-0.00292969,1.23632812
11:22:28.18,-0.09619141,-0.00170898,1.22167968
11:22:28.30,-0.09838868,-0.00097656,1.23364257
11:22:28.45,-0.09619141,-0.00488281,1.2302246
11:22:28.59,-0.08911133,-0.00146484,1.23144531
11:22:28.74,-0.09619141,0,1.22314453
11:22:28.88,-0.0913086,0.00097656,1.22631835
11:22:29.03,-0.09155274,0.00170898,1.22509765
11:22:29.15,-0.09277344,0.00292969,1.22509765
11:22:29.30,-0.09692383,-0.00610352,1.22729492
11:22:29.44,-0.09716797,-0.00219727,1.2290039
11:22:29.59,-0.09204102,-0.00390625,1.22363281
11:22:29.72,-0.09106446,-0.00488281,1.22583007
11:22:29.87,-0.09204102,-0.00073242,1.22802734
11:22:30.02,-0.09472657,-0.00292969,1.22802734
11:22:30.14,-0.08886719,-0.00024414,1.22851562
11:22:30.29,-0.0900879,-0.00097656,1.23315429
11:22:30.43,-0.09033204,0.00024414,1.22631835
11:22:30.58,-0.09155274,-0.00585938,1.22680664
11:22:30.72,-0.09423829,0.00024414,1.22729492
11:22:30.86,-0.09301758,-0.00097656,1.23120117
11:22:30.99,-0.09692383,0,1.21752929
11:22:31.14,-0.09570313,-0.00244141,1.21948242
11:22:31.27,-0.09375,-0.00048828,1.22412109
11:22:31.42,-0.09741211,-0.00292969,1.22827148
11:22:31.57,-0.08886719,-0.00415039,1.23266601
11:22:31.71,-0.09570313,-0.00170898,1.24194335
11:22:31.85,-0.07666016,0.0390625,1.22851562
11:22:31.98,-0.08959961,-0.00170898,1.23608398
11:22:32.13,-0.09570313,0.00439453,1.22094726
11:22:32.27,-0.09326172,-0.00732422,1.22924804
11:22:32.41,-0.0913086,0.00292969,1.2290039
11:22:32.56,-0.09423829,-0.0078125,1.2302246
11:22:32.70,-0.09741211,0.00268555,1.22509765
11:22:32.83,-0.09179688,-0.00439453,1.22363281
11:22:32.97,-0.09228516,-0.00146484,1.22265625
11:22:33.11,-0.09399415,-0.00219727,1.23486328
11:22:33.26,-0.09082032,-0.0078125,1.23535156
11:22:33.41,-0.09301758,-0.00390625,1.23266601
11:22:33.55,-0.09350586,0,1.22802734
11:22:33.69,-0.09179688,-0.00244141,1.22290039
11:22:33.82,-0.09082032,-0.00244141,1.22924804
11:22:33.96,-0.09399415,-0.00073242,1.22998046
11:22:34.11,-0.09277344,0.00073242,1.2199707
11:22:34.25,-0.08862305,0.0012207,1.23071289
11:22:34.40,-0.09301758,-0.00610352,1.22802734
11:22:34.54,-0.09448243,-0.00927734,1.23461914
11:22:34.67,-0.09155274,-0.00048828,1.2368164
11:22:34.81,-0.09155274,0.00097656,1.21826171
11:22:34.95,-0.09423829,-0.00805664,1.22802734
11:22:35.09,-0.09033204,0.00219727,1.21923828
11:22:35.24,-0.08959961,-0.00268555,1.23486328
11:22:35.38,-0.09179688,0.00048828,1.22021484
11:22:35.51,-0.09423829,-0.00244141,1.22973632
11:22:35.65,-0.08764649,-0.00268555,1.22998046
11:22:35.80,-0.0925293,-0.00195312,1.22753906
11:22:35.95,-0.09887696,-0.0012207,1.21655273
11:22:36.09,-0.09326172,-0.00366211,1.23315429
11:22:36.23,-0.09521485,-0.00341797,1.22558593
11:22:36.38,-0.08935547,-0.00732422,1.23779296
11:22:36.50,-0.09228516,0.00097656,1.22412109
11:22:36.65,-0.09741211,0.0012207,1.21875
11:22:36.79,-0.08813477,-0.0012207,1.22973632
11:22:36.93,-0.09350586,-0.00097656,1.23217773
11:22:37.08,-0.09667969,-0.00244141,1.234375
11:22:37.23,-0.08935547,-0.00170898,1.22583007
11:22:37.37,-0.0900879,-0.00170898,1.22998046
11:22:37.50,-0.09716797,-0.00219727,1.22998046
11:22:37.64,-0.09204102,-0.00097656,1.2277832
11:22:37.78,-0.04614258,-0.33349609,1.2067871
11:22:37.93,-0.09472657,-0.01293945,1.22802734
11:22:38.07,-0.08642579,0.00097656,1.23046875
11:22:38.22,-0.09448243,-0.00292969,1.22094726
11:22:38.35,-0.09985352,0.0012207,1.2368164
11:22:38.49,-0.0913086,0,1.23510742
11:22:38.63,-0.09521485,0.00073242,1.23046875
11:22:38.78,-0.09350586,-0.00219727,1.21923828
11:22:38.91,-0.10156251,0.00024414,1.23046875
11:22:39.06,-0.09301758,0.0012207,1.22680664
11:22:39.19,-0.09497071,0.00097656,1.2265625
11:22:39.34,-0.09619141,-0.00366211,1.22607421
11:22:39.48,-0.08959961,-0.00561523,1.21972656
11:22:39.62,-0.09155274,-0.00024414,1.23291015
11:22:39.77,-0.08813477,-0.00439453,1.2277832
11:22:39.91,-0.09179688,0.00195312,1.22167968
11:22:40.04,-0.08715821,-0.00073242,1.23242187
11:22:40.18,-0.09350586,-0.00317383,1.21386718
11:22:40.33,-0.09643555,0.00024414,1.22412109
11:22:40.47,-0.09350586,-0.00366211,1.22192382
11:22:40.61,-0.09277344,-0.00146484,1.22387695
11:22:40.76,-0.09082032,-0.00244141,1.23046875
11:22:40.90,-0.09057618,-0.00561523,1.22973632
11:22:41.03,-0.09179688,-0.00268555,1.234375
11:22:41.18,-0.09179688,0,1.22583007
11:22:41.32,-0.09814454,-0.00219727,1.23901367
11:22:41.46,-0.09375,0.00073242,1.22680664
11:22:41.61,-0.09033204,-0.00170898,1.22509765
11:22:41.75,-0.08544922,-0.00244141,1.22045898
11:22:41.88,-0.09472657,0.00439453,1.22143554
11:22:42.02,-0.08959961,0.00097656,1.22509765
11:22:42.17,-0.09716797,-0.00366211,1.22631835
11:22:42.31,-0.09619141,0.00512695,1.22460937
11:22:42.45,-0.09155274,0.00170898,1.21826171
11:22:42.59,-0.0859375,-0.00146484,1.22534179
11:22:42.73,-0.09301758,-0.00610352,1.22973632
11:22:42.87,-0.0913086,-0.00512695,1.23168945
11:22:43.02,-0.09375,-0.00024414,1.22460937
11:22:43.16,-0.09082032,-0.0012207,1.22314453
11:22:43.30,-0.09472657,0.00512695,1.22485351
11:22:43.44,-0.09057618,-0.00048828,1.22753906
11:22:43.59,-0.09057618,-0.00292969,1.23120117
11:22:43.72,-0.09643555,0.00366211,1.23242187
11:22:43.86,-0.09765625,-0.00268555,1.21948242
11:22:44.00,-0.09594727,-0.00317383,1.22314453
11:22:44.15,-0.09375,-0.00146484,1.22021484
11:22:44.29,-0.09155274,0.00488281,1.22558593
11:22:44.44,-0.09643555,-0.00146484,1.23217773
11:22:44.56,-0.09082032,-0.00024414,1.22192382
11:22:44.70,-0.09057618,-0.00268555,1.22021484
11:22:44.85,-0.08886719,-0.00219727,1.23071289
11:22:44.99,-0.08789063,0.00146484,1.22534179
11:22:45.14,-0.08862305,-0.00170898,1.23168945
11:22:45.28,-0.09033204,-0.0078125,1.22998046
11:22:45.43,-0.09301758,-0.00195312,1.22045898
11:22:45.55,-0.09985352,0.00048828,1.22314453
11:22:45.69,-0.09106446,-0.00512695,1.23095703
11:22:45.84,-0.08666993,-0.00024414,1.21386718
11:22:45.99,-0.08984375,0.00097656,1.23168945
11:22:46.13,-0.09472657,-0.00634766,1.22363281
11:22:46.27,-0.09277344,-0.00268555,1.23510742
11:22:46.40,-0.09375,-0.00317383,1.22534179
11:22:46.54,-0.0900879,-0.00097656,1.23364257
11:22:46.69,-0.0991211,0.00292969,1.2290039
11:22:46.83,-0.0900879,-0.00073242,1.2211914
11:22:46.98,-0.09350586,-0.00097656,1.23242187
11:22:47.12,-0.09228516,-0.00366211,1.22607421
11:22:47.26,-0.08862305,-0.0012207,1.23315429
11:22:47.39,-0.08862305,0.00170898,1.22875976
11:22:47.54,-0.09301758,-0.00561523,1.23608398
11:22:47.68,-0.09375,-0.00024414,1.22973632
11:22:47.82,-0.09375,0.00024414,1.22875976
11:22:47.97,-0.09106446,-0.00195312,1.22973632
11:22:48.11,-0.09082032,0.00219727,1.22436523
11:22:48.24,-0.08813477,-0.00024414,1.22607421
11:22:48.39,-0.09350586,0.00195312,1.23388671
11:22:48.52,-0.0900879,-0.00341797,1.22802734
11:22:48.67,-0.09594727,-0.00048828,1.22143554
11:22:48.81,-0.09301758,0.0065918,1.22070312
11:22:48.96,-0.09082032,0.0012207,1.23193359
11:22:49.09,-0.09521485,-0.00024414,1.21850585
11:22:49.23,-0.09057618,-0.00048828,1.23315429
11:22:49.37,-0.09741211,-0.00292969,1.22485351
11:22:49.51,-0.09423829,0.00268555,1.22485351
11:22:49.66,-0.09155274,-0.00048828,1.22949218
11:22:49.81,-0.09179688,-0.00390625,1.22607421
11:22:49.95,-0.09082032,0.00463867,1.23315429
11:22:50.08,-0.09497071,0.00170898,1.22729492
11:22:50.22,-0.09155274,0.00048828,1.2224121
11:22:50.36,-0.0913086,-0.00146484,1.2277832
11:22:50.51,-0.09106446,-0.00292969,1.23266601
11:22:50.65,-0.08618165,-0.00292969,1.2277832
11:22:50.79,-0.09472657,-0.00292969,1.23046875
11:22:50.93,-0.09033204,-0.00439453,1.22631835
11:22:51.07,-0.09033204,-0.0012207,1.2265625
11:22:51.21,-0.0900879,0.00170898,1.2277832
11:22:51.36,-0.09570313,-0.00415039,1.22827148
11:22:51.50,-0.07861328,-0.02880859,1.22387695
11:22:51.64,-0.08374024,-0.00463867,1.23291015
11:22:51.78,-0.1003418,0.00268555,1.22070312
11:22:51.92,-0.08837891,-0.00390625,1.2211914
11:22:52.21,-0.10156251,-0.00219727,1.23120117
11:22:52.35,-0.09985352,-0.00390625,1.23168945
11:22:52.49,-0.0900879,-0.00512695,1.2265625
11:22:52.64,-0.09350586,-0.00610352,1.22607421
11:22:52.76,-0.09204102,-0.00073242,1.21826171
11:22:52.91,-0.09521485,-0.00170898,1.22607421
11:22:53.05,-0.09179688,-0.00292969,1.22949218
11:22:53.20,-0.09448243,-0.00341797,1.23242187
11:22:53.34,-0.08764649,-0.00585938,1.23071289
11:22:53.48,-0.09326172,-0.00146484,1.23535156
11:22:53.62,-0.09082032,0.00195312,1.2265625
11:22:53.76,-0.09057618,-0.00415039,1.2211914
11:22:53.90,-0.09765625,0.00048828,1.23291015
11:22:54.04,-0.09057618,0.00048828,1.2211914
11:22:54.19,-0.09497071,-0.00317383,1.22705078
11:22:54.33,-0.08666993,-0.00830078,1.22534179
11:22:54.47,-0.09863282,-0.00170898,1.22265625
11:22:54.62,-0.08740235,-0.00366211,1.23046875
11:22:54.75,-0.08862305,-0.00268555,1.22875976
11:22:54.89,-0.09814454,-0.00463867,1.22949218
11:22:55.04,-0.09179688,-0.00317383,1.22290039
11:22:55.18,-0.09472657,-0.00146484,1.22827148
11:22:55.32,-0.08618165,-0.00073242,1.23144531
11:22:55.47,-0.08886719,-0.00024414,1.22924804
11:22:55.61,-0.09375,-0.00097656,1.22216796
11:22:55.73,-0.08666993,0.00415039,1.23315429
11:22:55.88,-0.09375,0.00048828,1.22143554
11:22:56.03,-0.09082032,-0.00317383,1.22314453
11:22:56.17,-0.08691407,0.00170898,1.22387695
11:22:56.31,-0.09887696,-0.00463867,1.23315429
11:22:56.46,-0.08862305,-0.00341797,1.22509765
11:22:56.58,-0.0900879,0.01196289,1.22705078
11:22:56.73,-0.08911133,0.00146484,1.22631835
11:22:56.87,-0.09375,0.00512695,1.2265625
11:22:57.02,-0.08886719,-0.00415039,1.21752929
11:22:57.16,-0.09301758,-0.00366211,1.22973632
11:22:57.31,-0.08422852,-0.00073242,1.22314453
11:22:57.43,-0.09497071,-0.0012207,1.21875
11:22:57.57,-0.09204102,-0.00341797,1.22534179
11:22:57.72,-0.09521485,-0.00292969,1.23046875
11:22:57.87,-0.08862305,0.00463867,1.22753906
11:22:58.01,-0.08935547,-0.00195312,1.2265625
11:22:58.15,-0.0925293,-0.00585938,1.22998046
11:22:58.28,-0.0834961,0.01513672,1.23706054
11:22:58.42,-0.09301758,-0.00097656,1.23266601
11:22:58.56,-0.0925293,-0.00073242,1.22631835
11:22:58.71,-0.09301758,-0.00317383,1.2380371
11:22:58.86,-0.08935547,0,1.22338867
11:22:59.00,-0.09497071,-0.00390625,1.23413085
11:22:59.14,-0.09179688,-0.00268555,1.21801757
11:22:59.27,-0.09619141,-0.00073242,1.22924804
11:22:59.42,-0.09179688,-0.00195312,1.22485351
11:22:59.56,-0.09057618,0.00292969,1.22973632
11:22:59.70,-0.09545899,0.00634766,1.22216796
11:22:59.85,-0.08789063,-0.00463867,1.2290039
11:22:59.99,-0.09960938,-0.00024414,1.22509765
11:23:00.12,-0.09350586,0.00024414,1.22851562
11:23:00.26,-0.0979004,0.00244141,1.22705078
11:23:00.41,-0.09057618,-0.00585938,1.22631835
11:23:00.55,-0.09375,-0.00024414,1.22167968
11:23:00.70,-0.09570313,-0.00732422,1.22534179
11:23:00.84,-0.09326172,-0.00463867,1.22705078
11:23:00.98,-0.09375,-0.00024414,1.22949218
11:23:01.11,-0.09204102,-0.00146484,1.22753906
11:23:01.25,-0.08691407,-0.00512695,1.22387695
11:23:01.39,-0.09228516,-0.0012207,1.22998046
11:23:01.54,-0.09545899,-0.00366211,1.23339843
11:23:01.68,-0.09472657,-0.00585938,1.22827148
11:23:01.83,-0.0925293,-0.00146484,1.22583007
11:23:01.97,-0.09228516,-0.00683594,1.23339843
11:23:02.10,-0.09619141,0.00439453,1.2224121
11:23:02.25,-0.09448243,-0.00073242,1.22729492
11:23:02.38,-0.09716797,-0.00048828,1.22192382
11:23:02.53,-0.08935547,0.00415039,1.23364257
11:23:02.68,-0.09082032,0.00097656,1.21972656
11:23:02.82,-0.08813477,-0.00390625,1.22558593
11:23:02.95,-0.09497071,0.00048828,1.23144531
11:23:03.09,-0.09423829,-0.00415039,1.22460937
11:23:03.23,-0.09082032,-0.00463867,1.22583007
11:23:03.38,-0.0979004,-0.00512695,1.22802734
11:23:03.53,-0.09277344,-0.03515625,1.21752929
11:23:03.67,-0.09033204,0.00341797,1.22802734
11:23:03.81,-0.09423829,-0.00366211,1.22290039
11:23:03.94,-0.09228516,-0.00292969,1.21899414
11:23:04.09,-0.09399415,0.00854492,1.21752929
11:23:04.22,-0.09667969,0.00463867,1.23291015
11:23:04.37,-0.0900879,-0.00024414,1.23217773
11:23:04.52,-0.09936524,-0.00097656,1.22680664
11:23:04.66,-0.08935547,0.00292969,1.22363281
11:23:04.79,-0.09204102,0.00390625,1.22558593
11:23:04.93,-0.08764649,-0.00537109,1.23364257
11:23:05.08,-0.08666993,-0.00244141,1.22851562
11:23:05.22,-0.09692383,0.00366211,1.23632812
11:23:05.36,-0.09179688,-0.0065918,1.22485351
11:23:05.51,-0.09472657,-0.00195312,1.22460937
11:23:05.63,-0.09375,0.00073242,1.21704101
11:23:05.77,-0.08935547,-0.00317383,1.21850585
11:23:05.92,-0.09228516,-0.00317383,1.22485351
11:23:06.07,-0.08984375,-0.00537109,1.22680664
11:23:06.21,-0.09301758,-0.00512695,1.22558593
11:23:06.36,-0.09692383,0.00024414,1.22875976
11:23:06.50,-0.09350586,-0.00317383,1.22802734
11:23:06.62,-0.09277344,-0.00073242,1.2290039
11:23:06.77,-0.0859375,-0.00097656,1.2265625
11:23:06.92,-0.08862305,0.00073242,1.22192382
11:23:07.05,-0.08789063,0.0012207,1.22827148
11:23:07.20,-0.09985352,-0.00366211,1.22753906
11:23:07.35,-0.09106446,0.00048828,1.22827148
11:23:07.48,-0.08959961,-0.00170898,1.21899414
11:23:07.62,-0.09643555,-0.00341797,1.23535156
11:23:07.76,-0.09399415,-0.00244141,1.21875
11:23:07.90,-0.09716797,-0.00390625,1.2224121
11:23:08.05,-0.09570313,-0.00317383,1.21850585
11:23:08.19,-0.09277344,0.00341797,1.22290039
11:23:08.33,-0.09301758,-0.0065918,1.22265625
11:23:08.47,-0.08789063,0.00024414,1.22998046
11:23:08.61,-0.0900879,-0.00097656,1.23242187
11:23:08.75,-0.09448243,-0.00097656,1.2302246
11:23:08.90,-0.09594727,-0.00195312,1.22485351
11:23:09.04,-0.09423829,-0.0012207,1.22265625
11:23:09.18,-0.09106446,0.00366211,1.22753906
11:23:09.31,-0.09326172,-0.00585938,1.22094726
11:23:09.45,-0.09228516,-0.00268555,1.22631835
11:23:09.60,-0.09594727,0.00708008,1.23217773
11:23:09.74,-0.09326172,0.00268555,1.22753906
11:23:09.88,-0.09301758,-0.00170898,1.22705078
11:23:10.03,-0.09570313,0.00048828,1.22998046
11:23:10.16,-0.09301758,-0.00537109,1.22192382
11:23:10.30,-0.09545899,0.00146484,1.22387695
11:23:10.45,-0.08959961,-0.00146484,1.21972656
11:23:10.59,-0.09594727,-0.00537109,1.22705078
11:23:10.73,-0.09204102,-0.00073242,1.22265625
11:23:10.88,-0.0822754,0.01831055,1.22094726
11:23:11.01,-0.09155274,-0.00805664,1.22143554
11:23:11.15,-0.09497071,0.00048828,1.2302246
11:23:11.29,-0.09594727,0.00048828,1.2290039
11:23:11.43,-0.09277344,0.00463867,1.22607421
11:23:11.58,-0.09179688,0.0012207,1.22387695
11:23:11.71,-0.09545899,0.00268555,1.22802734
11:23:11.85,-0.09985352,-0.00146484,1.23461914
11:23:12.00,-0.09765625,-0.00024414,1.22460937
11:23:12.14,-0.08886719,0.00073242,1.2290039
11:23:12.28,-0.09228516,-0.00439453,1.21801757
11:23:12.42,-0.08764649,-0.00317383,1.2265625
11:23:12.57,-0.09326172,-0.00195312,1.22607421
11:23:12.70,-0.09497071,-0.00097656,1.22631835
11:23:12.84,-0.09350586,-0.00097656,1.22680664
11:23:12.99,-0.09399415,-0.00292969,1.22216796
11:23:13.13,-0.09082032,-0.00732422,1.21704101
11:23:13.28,-0.09692383,-0.00073242,1.23217773
11:23:13.42,-0.09936524,0.00146484,1.23510742
11:23:13.57,-0.09204102,-0.00634766,1.22827148
11:23:13.69,-0.09423829,0,1.22460937
11:23:13.84,-0.08789063,-0.00341797,1.22143554
11:23:13.98,-0.08886719,0.00146484,1.22436523
11:23:14.12,-0.09375,0.00048828,1.22875976
11:23:14.26,-0.09863282,-0.00244141,1.23291015
11:23:14.41,-0.09497071,-0.00805664,1.22924804
11:23:14.54,-0.09619141,0.00170898,1.22607421
11:23:14.68,-0.09277344,-0.00244141,1.22851562
11:23:14.83,-0.09350586,-0.00097656,1.22973632
11:23:14.96,-0.09326172,-0.00317383,1.22314453
11:23:15.11,-0.09033204,-0.00292969,1.23193359
11:23:15.26,-0.09350586,-0.00756836,1.2224121
11:23:15.40,-0.09301758,0.00415039,1.22094726
11:23:15.53,-0.09472657,-0.0012207,1.22290039
11:23:15.67,-0.08764649,-0.00146484,1.23242187
11:23:15.81,-0.09497071,0.0012207,1.2265625
11:23:15.96,-0.09643555,-0.00415039,1.22143554
11:23:16.11,-0.0913086,-0.00439453,1.22363281
11:23:16.24,-0.09155274,-0.00732422,1.23583984
11:23:16.39,-0.09326172,-0.00073242,1.22875976
11:23:16.52,-0.0900879,-0.00170898,1.23242187
11:23:16.66,-0.0913086,0.00317383,1.22436523
11:23:16.80,-0.09277344,0.00244141,1.22314453
11:23:16.95,-0.09350586,-0.00097656,1.2290039
11:23:17.09,-0.0913086,-0.00952148,1.22753906
11:23:17.24,-0.09472657,-0.00463867,1.23413085
11:23:17.37,-0.08862305,-0.00219727,1.21948242
11:23:17.51,-0.08959961,0.0012207,1.22070312
11:23:17.66,-0.08276368,-0.00390625,1.23095703
11:23:17.80,-0.09985352,-0.00463867,1.24169921
11:23:17.94,-0.09228516,-0.00073242,1.21850585
11:23:18.09,-0.09204102,0.00097656,1.22753906
11:23:18.22,-0.09448243,0.00048828,1.21264648
11:23:18.35,-0.09057618,-0.00415039,1.22875976
11:23:18.50,-0.09545899,-0.00537109,1.23120117
11:23:18.65,-0.09375,-0.00341797,1.23193359
11:23:18.79,-0.09179688,-0.00488281,1.23266601
11:23:18.94,-0.09399415,-0.00756836,1.23046875
11:23:19.08,-0.08984375,0.00244141,1.22485351
11:23:19.21,-0.08715821,-0.00195312,1.22192382
11:23:19.35,-0.0913086,0.0012207,1.23461914
11:23:19.49,-0.09472657,-0.00439453,1.22167968
11:23:19.64,-0.08837891,0.00244141,1.2355957
11:23:19.79,-0.09619141,-0.00146484,1.22509765
11:23:19.93,-0.08789063,-0.00390625,1.22558593
11:23:20.05,-0.0900879,-0.00195312,1.22949218
11:23:20.20,-0.09594727,0.00073242,1.23266601
11:23:20.34,-0.1003418,0.00048828,1.22558593
11:23:20.49,-0.09472657,0.00170898,1.22094726
11:23:20.63,-0.09326172,0.00073242,1.22460937
11:23:20.76,-0.09423829,-0.00463867,1.23657226
11:23:20.90,-0.08862305,-0.00146484,1.2290039
11:23:21.04,-0.09619141,-0.00292969,1.2290039
11:23:21.19,-0.09375,0.00073242,1.234375
11:23:21.33,-0.08862305,-0.00219727,1.22094726
11:23:21.48,-0.0900879,-0.00170898,1.22729492
11:23:21.62,-0.09277344,-0.00366211,1.22534179
11:23:21.77,-0.09472657,0.00415039,1.23535156
11:23:21.89,-0.09375,-0.00219727,1.23120117
11:23:22.04,-0.09155274,-0.00292969,1.21679687
11:23:22.18,-0.08715821,-0.00341797,1.22607421
11:23:22.32,-0.09301758,0.00317383,1.22729492
11:23:22.47,-0.08959961,0.00170898,1.21948242
11:23:22.61,-0.09765625,-0.00219727,1.22412109
11:23:22.74,-0.0913086,0.00195312,1.22949218
11:23:22.88,-0.09277344,-0.00463867,1.22167968
11:23:23.03,-0.08813477,-0.00073242,1.2211914
11:23:23.17,-0.08911133,0.00024414,1.22949218
11:23:23.31,-0.08715821,-0.00366211,1.22363281
11:23:23.46,-0.09594727,-0.00244141,1.22509765
11:23:23.59,-0.09375,-0.00366211,1.22998046
11:23:23.73,-0.0900879,0.00170898,1.2265625
11:23:23.87,-0.08764649,0.00512695,1.23046875
11:23:24.02,-0.09326172,-0.00244141,1.21582031
11:23:24.16,-0.09448243,-0.0065918,1.23217773
11:23:24.31,-0.10107423,0.00244141,1.22875976
11:23:24.43,-0.09155274,0,1.22705078
11:23:24.58,-0.09350586,-0.00244141,1.22851562
11:23:24.72,-0.09375,-0.00048828,1.23291015
11:23:24.87,-0.09667969,-0.00439453,1.21582031
11:23:25.01,-0.09667969,-0.00415039,1.23168945
11:23:25.15,-0.09545899,0.00195312,1.22729492
11:23:25.30,-0.08715821,-0.00415039,1.21972656
11:23:25.43,-0.09301758,0.00097656,1.22583007
11:23:25.57,-0.09350586,0.00219727,1.23217773
11:23:25.71,-0.09521485,-0.00170898,1.22485351
11:23:25.86,-0.09838868,0.00024414,1.22827148
11:23:26.00,-0.08959961,-0.0065918,1.21435546
11:23:26.13,-0.09277344,0.00097656,1.22753906
11:23:26.27,-0.09155274,-0.00146484,1.22143554
11:23:26.42,-0.08715821,-0.00097656,1.2302246
11:23:26.56,-0.09375,0.00146484,1.22509765
11:23:26.71,-0.09521485,-0.0012207,1.2277832
11:23:26.85,-0.09594727,-0.00366211,1.22021484
11:23:26.99,-0.09692383,0.00366211,1.2265625
11:23:27.12,-0.08862305,0.00170898,1.22998046
11:23:27.27,-0.09472657,0.0065918,1.22363281
11:23:27.41,-0.09277344,-0.00097656,1.22680664
11:23:27.55,-0.08764649,-0.00390625,1.21533203
11:23:27.70,-0.09204102,-0.00195312,1.21752929
11:23:27.84,-0.09423829,0.00415039,1.22460937
11:23:27.97,-0.09350586,0.00341797,1.22558593
11:23:28.11,-0.08935547,-0.00317383,1.21606445
11:23:28.26,-0.09277344,-0.00146484,1.22827148
11:23:28.40,-0.09887696,-0.00415039,1.22509765
11:23:28.54,-0.09448243,-0.00024414,1.22973632
11:23:28.69,-0.08959961,-0.00610352,1.2211914
11:23:28.81,-0.09228516,0.00097656,1.23339843
11:23:28.96,-0.09423829,-0.00366211,1.22412109
11:23:29.10,-0.0925293,-0.00292969,1.22143554
11:23:29.24,-0.0900879,0.0012207,1.22534179
11:23:29.39,-0.09619141,-0.0012207,1.22387695
11:23:29.53,-0.08959961,-0.00366211,1.21606445
11:23:29.66,-0.09326172,0.00244141,1.23193359
11:23:29.81,-0.0913086,0.00561523,1.24877929
11:23:29.95,-0.09082032,0.00024414,1.22851562
11:23:30.09,-0.09277344,0.00073242,1.22949218
11:23:30.24,-0.09448243,0.00219727,1.23510742
11:23:30.38,-0.09570313,-0.00390625,1.22583007
11:23:30.50,-0.09057618,-0.00146484,1.22949218
11:23:30.66,-0.09106446,-0.00341797,1.22705078
11:23:30.80,-0.09497071,-0.00341797,1.22021484
11:23:30.94,-0.09301758,-0.00097656,1.22851562
11:23:31.09,-0.08984375,-0.00708008,1.22851562
11:23:31.23,-0.09472657,-0.00512695,1.23510742
11:23:31.37,-0.09472657,0.00024414,1.21557617
11:23:31.50,-0.09472657,-0.00024414,1.22534179
11:23:31.64,-0.09619141,0.00073242,1.22534179
11:23:31.79,-0.09545899,-0.00512695,1.234375
11:23:31.93,-0.0900879,-0.00317383,1.22167968
11:23:32.08,-0.09082032,-0.00268555,1.23193359
11:23:32.22,-0.09375,-0.00488281,1.23266601
11:23:32.37,-0.09399415,-0.00073242,1.22436523
11:23:32.49,-0.08935547,-0.00390625,1.22460937
11:23:32.64,-0.09619141,0.00292969,1.2265625
11:23:32.78,-0.0925293,-0.00268555,1.2290039
11:23:32.93,-0.09301758,0.00170898,1.22265625
11:23:33.06,-0.09277344,-0.00048828,1.22753906
11:23:33.21,-0.09667969,-0.00390625,1.21972656
11:23:33.33,-0.09204102,-0.00415039,1.22485351
11:23:33.48,-0.09082032,-0.00024414,1.22485351
11:23:33.63,-0.09228516,-0.00170898,1.22802734
11:23:33.77,-0.09570313,-0.00610352,1.2290039
11:23:33.91,-0.08886719,-0.00268555,1.22314453
11:23:34.06,-0.09228516,0.00317383,1.22412109
11:23:34.19,-0.09497071,0.00415039,1.23486328
11:23:34.33,-0.09375,-0.00830078,1.22216796
11:23:34.48,-0.09375,-0.00732422,1.21606445
11:23:34.62,-0.09692383,-0.00756836,1.22802734
11:23:34.76,-0.09716797,-0.00097656,1.2224121
11:23:34.91,-0.09106446,0.00415039,1.2224121
11:23:35.04,-0.10229493,0.05126953,1.21508789
11:23:35.17,-0.08642579,-0.00634766,1.22460937
11:23:35.32,-0.09472657,-0.00219727,1.22802734
11:23:35.47,-0.0925293,-0.0012207,1.22729492
11:23:35.61,-0.09082032,-0.00390625,1.22753906
11:23:35.75,-0.10058594,-0.00097656,1.21948242
11:23:35.90,-0.08740235,-0.00683594,1.22680664
11:23:36.04,-0.09570313,-0.00439453,1.22338867
11:23:36.31,-0.0900879,0.00219727,1.21752929
11:23:36.46,-0.09423829,-0.00219727,1.23046875
11:23:36.60,-0.09521485,0.0012207,1.22021484
11:23:36.74,-0.09179688,-0.00292969,1.23583984
11:23:36.89,-0.09570313,-0.00073242,1.2302246
11:23:37.02,-0.09277344,0.00268555,1.22167968
11:23:37.15,-0.09179688,-0.00634766,1.22460937
11:23:37.30,-0.09277344,-0.00317383,1.22265625
11:23:37.45,-0.09375,-0.00024414,1.2265625
11:23:37.59,-0.08862305,-0.00170898,1.22631835
11:23:37.74,-0.09472657,-0.00073242,1.22802734
11:23:37.88,-0.09350586,0,1.22998046
11:23:38.01,-0.08691407,0.00512695,1.2224121
11:23:38.15,-0.09497071,-0.00244141,1.234375
11:23:38.30,-0.09619141,0,1.22387695
11:23:38.44,-0.08740235,-0.00219727,1.2265625
11:23:38.58,-0.09350586,0.00170898,1.23266601
11:23:38.72,-0.09228516,-0.00073242,1.22143554
11:23:38.85,-0.09545899,-0.01074219,1.21899414
11:23:39.00,-0.0913086,0.00048828,1.22070312
11:23:39.14,-0.09521485,-0.00415039,1.21704101
11:23:39.28,-0.09716797,0.00292969,1.22485351
11:23:39.43,-0.08886719,-0.00195312,1.23388671
11:23:39.58,-0.08618165,-0.00463867,1.23364257
11:23:39.70,-0.09301758,0.00170898,1.21972656
11:23:39.85,-0.09033204,0.00292969,1.23706054
11:23:39.99,-0.0991211,-0.00512695,1.22631835
11:23:40.14,-0.08984375,-0.00390625,1.21435546
11:23:40.28,-0.09228516,-0.00073242,1.22265625
11:23:40.42,-0.09570313,-0.00024414,1.22875976
11:23:40.56,-0.0913086,-0.00683594,1.22680664
11:23:40.69,-0.0925293,-0.00268555,1.22363281
11:23:40.84,-0.08959961,0.00073242,1.22607421
11:23:40.98,-0.0979004,-0.00097656,1.22558593
11:23:41.12,-0.09765625,-0.00170898,1.23071289
11:23:41.27,-0.09423829,0.00390625,1.22363281
11:23:41.41,-0.09204102,-0.00073242,1.22363281
11:23:41.54,-0.08740235,0.00024414,1.22973632
11:23:41.68,-0.05395508,-0.00146484,1.24511718
11:23:41.83,-0.0925293,-0.0012207,1.22485351
11:23:41.97,-0.09179688,-0.00170898,1.21777343
11:23:42.12,-0.09228516,0.00219727,1.22265625
11:23:42.26,-0.09106446,-0.00390625,1.23144531
11:23:42.38,-0.08984375,-0.00195312,1.2211914
11:23:42.53,-0.09228516,0.00244141,1.22607421
11:23:42.67,-0.09228516,0.00048828,1.22607421
11:23:42.82,-0.0913086,-0.00219727,1.23291015
11:23:42.97,-0.09570313,-0.00561523,1.22851562
11:23:43.11,-0.09033204,-0.00097656,1.23486328
11:23:43.25,-0.09521485,-0.0012207,1.22045898
11:23:43.38,-0.09399415,-0.00073242,1.23071289
11:23:43.52,-0.09570313,0.00024414,1.22607421
11:23:43.67,-0.09057618,0.0012207,1.2265625
11:23:43.81,-0.09545899,-0.00610352,1.22387695
11:23:43.95,-0.09619141,-0.00561523,1.22143554
11:23:44.10,-0.08886719,0.00610352,1.22729492
11:23:44.23,-0.09179688,0.00195312,1.22875976
11:23:44.37,-0.09350586,-0.00170898,1.22558593
11:23:44.51,-0.09594727,0.00415039,1.21875
11:23:44.66,-0.08813477,-0.00073242,1.23168945
11:23:44.80,-0.08911133,0.00244141,1.21728515
11:23:44.93,-0.09423829,0.00244141,1.22753906
11:23:45.07,-0.08691407,0.00244141,1.23657226
11:23:45.22,-0.09106446,0.00415039,1.22045898
11:23:45.35,-0.09301758,0.00024414,1.2265625
11:23:45.50,-0.09106446,0.0012207,1.2224121
11:23:45.65,-0.09472657,-0.00341797,1.22412109
11:23:45.78,-0.09106446,0.00463867,1.22875976
11:23:45.92,-0.09350586,-0.00341797,1.23217773
11:23:46.06,-0.08886719,-0.0065918,1.22534179
11:23:46.35,-0.09936524,-0.00366211,1.22192382
11:23:46.49,-0.08984375,-0.00048828,1.22534179
11:23:46.62,-0.09643555,0.00195312,1.23315429
11:23:46.77,-0.0900879,-0.0012207,1.2277832
11:23:46.91,-0.0925293,-0.00268555,1.2290039
11:23:47.06,-0.08374024,-0.00439453,1.23120117
11:23:47.20,-0.08789063,-0.00170898,1.21533203
11:23:47.34,-0.09594727,-0.00292969,1.22875976
11:23:47.49,-0.09179688,0.00146484,1.22875976
11:23:47.61,-0.10253907,-0.01171875,1.20654296
11:23:47.76,-0.09838868,0,1.22680664
11:23:47.90,-0.09033204,-0.00683594,1.22216796
11:23:48.05,-0.08837891,0.0012207,1.2211914
11:23:48.19,-0.09545899,0.00097656,1.22705078
11:23:48.33,-0.09204102,-0.00366211,1.22290039
11:23:48.46,-0.0913086,-0.00048828,1.22753906
11:23:48.61,-0.09643555,0.00073242,1.22534179
11:23:48.75,-0.09155274,-0.00170898,1.22387695
11:23:48.89,-0.09545899,0.00097656,1.22509765
11:23:49.04,-0.08886719,-0.00170898,1.22607421
11:23:49.18,-0.08789063,-0.00317383,1.21972656
11:23:49.33,-0.08959961,-0.0065918,1.23095703
11:23:49.46,-0.09179688,-0.00048828,1.22338867
11:23:49.59,-0.08813477,0.00708008,1.22827148
11:23:49.73,-0.09301758,-0.00219727,1.22070312
11:23:49.88,-0.09326172,-0.00292969,1.22436523
11:23:50.03,-0.09155274,-0.00170898,1.22045898
11:23:50.17,-0.08935547,-0.00439453,1.22192382
11:23:50.30,-0.0900879,0,1.22998046
11:23:50.45,-0.09204102,0.00390625,1.22363281
11:23:50.59,-0.08935547,-0.00048828,1.23095703
11:23:50.73,-0.09619141,-0.00341797,1.22314453
11:23:50.87,-0.09326172,0.00610352,1.23046875
11:23:51.02,-0.09472657,-0.00366211,1.22460937
11:23:51.14,-0.09179688,0.00097656,1.22021484
11:23:51.28,-0.09497071,-0.00830078,1.2224121
11:23:51.44,-0.09106446,0.00219727,1.23144531
11:23:51.58,-0.0925293,0.00317383,1.21582031
11:23:51.72,-0.0834961,0,1.22485351
11:23:51.87,-0.09301758,-0.00366211,1.22607421
11:23:52.00,-0.09277344,-0.00170898,1.22583007
11:23:52.14,-0.09643555,-0.00146484,1.22094726
11:23:52.28,-0.09985352,-0.00512695,1.22851562
11:23:52.42,-0.08959961,-0.00317383,1.22875976
11:23:52.57,-0.09594727,-0.0090332,1.22436523
11:23:52.71,-0.08715821,0.00097656,1.2211914
11:23:52.84,-0.09033204,0.00195312,1.22192382
11:23:52.99,-0.09399415,0.00317383,1.21606445
11:23:53.13,-0.09765625,-0.00317383,1.23071289
11:23:53.28,-0.09057618,0,1.21948242
11:23:53.42,-0.09301758,-0.00292969,1.22460937
11:23:53.56,-0.09350586,-0.00219727,1.23632812
11:23:53.69,-0.09082032,0.00415039,1.23291015
11:23:53.84,-0.0625,-0.00537109,1.22949218
11:23:53.98,-0.09814454,-0.00024414,1.22802734
11:23:54.12,-0.08935547,-0.00048828,1.22729492
11:23:54.41,-0.09301758,-0.00439453,1.22509765
11:23:54.55,-0.09179688,-0.00415039,1.22387695
11:23:54.68,-0.09399415,-0.00415039,1.21948242
11:23:54.83,-0.09667969,0.00390625,1.22338867
11:23:54.97,-0.09082032,-0.00146484,1.2224121
11:23:55.12,-0.09423829,0.00390625,1.21923828
11:23:55.25,-0.09619141,-0.00390625,1.23071289
11:23:55.40,-0.08813477,-0.00512695,1.22070312
11:23:55.53,-0.09301758,0.0065918,1.22631835
11:23:55.67,-0.09228516,-0.00537109,1.22460937
11:23:55.82,-0.09399415,0.00024414,1.22387695
11:23:55.96,-0.09399415,0.00146484,1.22753906
11:23:56.11,-0.09692383,-0.00585938,1.21606445
11:23:56.39,-0.09155274,-0.00048828,1.22485351
11:23:56.52,-0.09497071,0.00219727,1.23071289
11:23:56.67,-0.09594727,-0.00024414,1.23339843
11:23:56.81,-0.09228516,0.00097656,1.22167968
11:23:56.95,-0.09497071,0.00390625,1.22436523
11:23:57.10,-0.0925293,-0.01074219,1.21826171
11:23:57.22,-0.08935547,-0.00463867,1.22607421
11:23:57.37,-0.08813477,-0.00024414,1.23339843
11:23:57.51,-0.09814454,-0.00317383,1.23364257
11:23:57.66,-0.0913086,-0.00390625,1.22265625
11:23:57.80,-0.09179688,-0.00341797,1.22631835
11:23:57.94,-0.09179688,-0.00683594,1.22851562
11:23:58.08,-0.09326172,-0.00463867,1.2277832
11:23:58.23,-0.09448243,-0.00073242,1.22705078
11:23:58.36,-0.09643555,-0.00927734,1.22338867
11:23:58.50,-0.08764649,-0.00756836,1.23168945
11:23:58.64,-0.08911133,-0.00268555,1.22949218
11:23:58.79,-0.09375,0.00292969,1.22583007
11:23:58.93,-0.09643555,-0.00488281,1.23046875
11:23:59.08,-0.0925293,-0.00512695,1.22583007
11:23:59.22,-0.09619141,-0.00195312,1.22485351
11:23:59.35,-0.09204102,-0.00268555,1.22387695
11:23:59.49,-0.09277344,0.00146484,1.22363281
11:23:59.64,-0.09106446,-0.00683594,1.21264648
11:23:59.78,-0.09033204,0.00097656,1.22973632
11:23:59.93,-0.09375,-0.00415039,1.22875976
11:24:00.07,-0.09350586,0.00073242,1.22558593
11:24:00.19,-0.09301758,-0.00390625,1.22460937
11:24:00.34,-0.09228516,0.00292969,1.22973632
11:24:00.49,-0.0925293,-0.00927734,1.22412109
11:24:00.63,-0.08789063,-0.00073242,1.23266601
11:24:00.77,-0.09204102,0.0012207,1.21313476
11:24:00.91,-0.09204102,-0.00170898,1.2211914
11:24:01.04,-0.09179688,-0.00512695,1.23168945
11:24:01.19,-0.09350586,-0.00537109,1.22436523
11:24:01.33,-0.08544922,-0.00366211,1.22167968
11:24:01.47,-0.09497071,0,1.2211914
11:24:01.62,-0.09667969,-0.00390625,1.23071289
11:24:01.77,-0.0900879,-0.00146484,1.21679687
11:24:01.91,-0.09033204,-0.00268555,1.22460937
11:24:02.04,-0.09204102,-0.00341797,1.23046875
11:24:02.18,-0.08935547,-0.0078125,1.22680664
11:24:02.32,-0.09716797,0,1.22534179
11:24:02.47,-0.09497071,-0.00463867,1.22729492
11:24:02.61,-0.09814454,0.00195312,1.21972656
11:24:02.76,-0.09179688,0.00048828,1.22875976
11:24:02.88,-0.09692383,-0.00024414,1.22705078
11:24:03.03,-0.09277344,-0.00146484,1.22412109
11:24:03.17,-0.09497071,0.00488281,1.22753906
11:24:03.31,-0.09033204,-0.0012207,1.22729492
11:24:03.46,-0.09545899,-0.00415039,1.22045898
11:24:03.60,-0.09619141,0.00170898,1.22851562
11:24:03.73,-0.09228516,0.00048828,1.22607421
11:24:03.87,-0.09472657,0.00048828,1.21777343
11:24:04.02,-0.09497071,-0.00244141,1.22070312
11:24:04.16,-0.08911133,-0.00317383,1.22070312
11:24:04.45,-0.09228516,-0.00073242,1.22631835
11:24:04.58,-0.08642579,0.00439453,1.22485351
11:24:04.72,-0.09570313,-0.00463867,1.23242187
11:24:04.86,-0.08544922,0,1.21630859
11:24:05.01,-0.08935547,0.0012207,1.21630859
11:24:05.15,-0.09594727,-0.00463867,1.22534179
11:24:05.30,-0.09375,0.00170898,1.22363281
11:24:05.43,-0.08984375,-0.00219727,1.22216796
11:24:05.57,-0.08959961,-0.00854492,1.23242187
11:24:05.71,-0.09375,-0.0065918,1.22387695
11:24:05.86,-0.09033204,-0.00439453,1.22021484
11:24:06.00,-0.09301758,0.00415039,1.22802734
11:24:06.15,-0.09594727,-0.01977539,1.23754882
11:24:06.29,-0.0913086,-0.00488281,1.22021484
11:24:06.42,-0.09521485,0.00463867,1.22363281
11:24:06.56,-0.09838868,0,1.22729492
11:24:06.70,-0.09594727,-0.00756836,1.22558593
11:24:06.84,-0.08789063,-0.00219727,1.23950195
11:24:06.99,-0.09497071,-0.00292969,1.22924804
11:24:07.14,-0.09301758,-0.00024414,1.22167968
11:24:07.26,-0.10107423,0.00048828,1.22509765
11:24:07.41,-0.09863282,-0.00463867,1.22192382
11:24:07.55,-0.09667969,-0.0012207,1.23632812
11:24:07.69,-0.09619141,0,1.22607421
11:24:07.84,-0.0913086,0.00219727,1.23095703
11:24:07.98,-0.09472657,-0.00463867,1.22607421
11:24:08.12,-0.09350586,-0.00463867,1.22387695
11:24:08.26,-0.09423829,-0.00244141,1.22583007
11:24:08.39,-0.08276368,-0.00219727,1.21240234
11:24:08.54,-0.09375,0.00170898,1.22143554
11:24:08.68,-0.09106446,0.00146484,1.23486328
11:24:08.83,-0.09350586,-0.00439453,1.22534179
11:24:08.97,-0.09082032,0.00073242,1.23242187
11:24:09.10,-0.0913086,-0.00097656,1.2211914
11:24:09.24,-0.09057618,-0.0065918,1.22070312
11:24:09.39,-0.09301758,-0.00146484,1.22045898
11:24:09.53,-0.09204102,-0.00390625,1.2224121
11:24:09.67,-0.09228516,0.00048828,1.21972656
11:24:09.82,-0.09106446,0.00170898,1.22802734
11:24:09.95,-0.09423829,-0.00073242,1.22290039
11:24:10.09,-0.0925293,0.00195312,1.2265625
11:24:10.24,-0.08886719,0.00146484,1.22680664
11:24:10.38,-0.08886719,0.00195312,1.22436523
11:24:10.53,-0.09350586,-0.00146484,1.22509765
11:24:10.67,-0.09350586,-0.00219727,1.23217773
11:24:10.80,-0.09033204,-0.00170898,1.22998046
11:24:10.94,-0.09106446,-0.00439453,1.21728515
11:24:11.09,-0.09277344,-0.00512695,1.22607421
11:24:11.23,-0.09643555,-0.00463867,1.21972656
11:24:11.37,-0.08935547,-0.00756836,1.22167968
11:24:11.51,-0.09082032,-0.0012207,1.22314453
11:24:11.66,-0.08984375,-0.00561523,1.2302246
11:24:11.79,-0.08813477,-0.00170898,1.22363281
11:24:11.93,-0.08984375,-0.00048828,1.22973632
11:24:12.08,-0.09350586,-0.00439453,1.22753906
11:24:12.22,-0.09057618,-0.00219727,1.21630859
11:24:12.37,-0.08789063,0.00268555,1.23046875
11:24:12.51,-0.09155274,-0.00195312,1.22875976
11:24:12.65,-0.11254884,0.06567383,1.19311523
11:24:12.78,-0.08569336,0.00390625,1.21923828
11:24:12.92,-0.09448243,0.00146484,1.23046875
11:24:13.07,-0.09423829,-0.00366211,1.2224121
11:24:13.21,-0.09545899,-0.00219727,1.22290039
11:24:13.36,-0.09619141,-0.00488281,1.2133789
11:24:13.50,-0.09619141,-0.00439453,1.22045898
11:24:13.63,-0.09301758,-0.00195312,1.23266601
11:24:13.77,-0.08935547,-0.00292969,1.21972656
11:24:13.91,-0.09228516,-0.00195312,1.22314453
11:24:14.06,-0.08984375,-0.0012207,1.22412109
11:24:14.20,-0.09399415,0.00219727,1.22998046
11:24:14.35,-0.0913086,-0.00415039,1.22363281
11:24:14.48,-0.08740235,0.00341797,1.22094726
11:24:14.62,-0.08886719,-0.00170898,1.22485351
11:24:14.76,-0.08984375,-0.00219727,1.22485351
11:24:14.90,-0.09326172,-0.00292969,1.21533203
11:24:15.05,-0.09423829,-0.00195312,1.21972656
11:24:15.19,-0.08886719,-0.0012207,1.21411132
11:24:15.34,-0.09204102,-0.00585938,1.22314453
11:24:15.46,-0.0991211,0.0012207,1.22094726
11:24:15.61,-0.09106446,-0.00463867,1.22875976
11:24:15.75,-0.09228516,0.00244141,1.22436523
11:24:15.90,-0.09423829,-0.00146484,1.22827148
11:24:16.04,-0.09545899,0.00488281,1.21752929
11:24:16.18,-0.09301758,0.00195312,1.22827148
11:24:16.31,-0.0913086,-0.00073242,1.22045898
11:24:16.45,-0.09301758,-0.00170898,1.21289062
11:24:16.59,-0.09277344,0,1.2211914
11:24:16.75,-0.08984375,-0.00244141,1.23120117
11:24:16.88,-0.09375,0.00244141,1.22827148
11:24:17.03,-0.09350586,-0.00170898,1.21972656
11:24:17.18,-0.08813477,-0.00512695,1.22265625
11:24:17.30,-0.09106446,-0.00585938,1.22973632
11:24:17.44,-0.09570313,0,1.2277832
11:24:17.59,-0.09765625,-0.00048828,1.22753906
11:24:17.73,-0.09570313,0.0012207,1.22558593
11:24:17.88,-0.09106446,-0.00292969,1.22753906
11:24:18.02,-0.09082032,-0.00244141,1.22729492
11:24:18.15,-0.08813477,-0.00512695,1.22558593
11:24:18.29,-0.0847168,-0.00341797,1.22607421
11:24:18.44,-0.09179688,-0.00219727,1.22583007
11:24:18.57,-0.09326172,-0.00024414,1.23120117
11:24:18.72,-0.09985352,-0.0078125,1.24511718
11:24:18.87,-0.09594727,-0.00488281,1.2290039
11:24:19.01,-0.0925293,-0.00585938,1.21972656
11:24:19.16,-0.09423829,-0.00488281,1.21679687
11:24:19.28,-0.09545899,-0.00219727,1.22094726
11:24:19.43,-0.08837891,0.00048828,1.22827148
11:24:19.57,-0.09326172,-0.00463867,1.22973632
11:24:19.71,-0.09350586,-0.00073242,1.2355957
11:24:19.86,-0.09350586,0.00048828,1.21875
11:24:20.01,-0.09082032,-0.00146484,1.22216796
11:24:20.13,-0.09960938,-0.00561523,1.22363281
11:24:20.27,-0.09179688,0,1.22534179
11:24:20.42,-0.09106446,-0.00048828,1.22802734
11:24:20.56,-0.0979004,0.00195312,1.21752929
11:24:20.70,-0.09106446,0.00097656,1.22045898
11:24:20.85,-0.08813477,-0.00634766,1.2265625
11:24:20.98,-0.08764649,-0.0012207,1.21752929
11:24:21.13,-0.08862305,-0.00292969,1.22363281
11:24:21.27,-0.09277344,-0.00366211,1.22412109
11:24:21.41,-0.09570313,-0.00195312,1.23095703
11:24:21.56,-0.0925293,0.0012207,1.2199707
11:24:21.70,-0.09228516,0.00024414,1.22290039
11:24:21.83,-0.09570313,-0.00048828,1.20971679
11:24:21.97,-0.08984375,0.00244141,1.22045898
11:24:22.12,-0.0900879,-0.00073242,1.22412109
11:24:22.25,-0.09326172,0.00390625,1.21582031
11:24:22.40,-0.09399415,-0.00952148,1.22534179
11:24:22.55,-0.09179688,-0.00292969,1.21484375
11:24:22.69,-0.09448243,-0.00317383,1.22192382
11:24:22.82,-0.0913086,-0.00219727,1.22558593
11:24:22.96,-0.09375,-0.00952148,1.22412109
11:24:23.10,-0.09643555,-0.00634766,1.22631835
11:24:23.25,-0.0991211,-0.00512695,1.22827148
11:24:23.39,-0.09497071,-0.00268555,1.23095703
11:24:23.54,-0.09570313,0.00048828,1.21533203
11:24:23.68,-0.09887696,-0.00292969,1.22045898
11:24:23.81,-0.08935547,-0.00219727,1.22949218
11:24:23.95,-0.0900879,-0.00170898,1.22143554
11:24:24.10,-0.09497071,0.00048828,1.22534179
11:24:24.24,-0.09228516,0.00097656,1.22192382
11:24:24.39,-0.09497071,-0.00341797,1.22973632
11:24:24.53,-0.0925293,-0.00537109,1.22363281
11:24:24.66,-0.08837891,0.00537109,1.23193359
11:24:24.80,-0.09082032,-0.00146484,1.22485351
11:24:24.94,-0.09106446,-0.00024414,1.21850585
11:24:25.09,-0.09179688,-0.00073242,1.22363281
11:24:25.24,-0.0991211,-0.00366211,1.22045898
11:24:25.38,-0.09106446,0.00146484,1.23266601
11:24:25.52,-0.09448243,-0.00024414,1.22607421
11:24:25.65,-0.09301758,0.0012207,1.22558593
11:24:25.79,-0.08740235,-0.00170898,1.22631835
11:24:25.94,-0.08935547,-0.00244141,1.22875976
11:24:26.08,-0.08837891,-0.00073242,1.22753906
11:24:26.22,-0.09545899,0.00097656,1.22509765
11:24:26.37,-0.08813477,-0.00195312,1.22167968
11:24:26.50,-0.09155274,-0.00317383,1.22216796
11:24:26.63,-0.09326172,0.00048828,1.21875
11:24:26.78,-0.09204102,-0.0012207,1.21630859
11:24:26.93,-0.09716797,0.00195312,1.23046875
11:24:27.07,-0.09155274,-0.00366211,1.2145996
11:24:27.21,-0.09082032,-0.00488281,1.21850585
11:24:27.34,-0.09082032,-0.01074219,1.22753906
11:24:27.48,-0.09326172,-0.00341797,1.21582031
11:24:27.63,-0.0847168,0.00073242,1.22680664
11:24:27.77,-0.08984375,0.00366211,1.22167968
11:24:27.92,-0.08666993,0.00097656,1.22680664
11:24:28.06,-0.09472657,0.00732422,1.22949218
11:24:28.19,-0.08959961,-0.0078125,1.2265625
11:24:28.33,-0.08740235,-0.00073242,1.22949218
11:24:28.47,-0.09228516,-0.00634766,1.21850585
11:24:28.62,-0.09497071,-0.00219727,1.22192382
11:24:28.76,-0.08862305,-0.00024414,1.22875976
11:24:28.91,-0.09082032,-0.00610352,1.23461914
11:24:29.06,-0.08813477,-0.00073242,1.22387695
11:24:29.18,-0.09619141,-0.00366211,1.2145996
11:24:29.33,-0.09301758,0.00073242,1.22998046
11:24:29.47,-0.09228516,-0.0012207,1.21850585
11:24:29.61,-0.09228516,-0.00463867,1.21777343
11:24:29.76,-0.09423829,0,1.22583007
11:24:29.90,-0.09570313,0.00146484,1.21801757
11:24:30.03,-0.09497071,-0.00366211,1.22021484
11:24:30.18,-0.0925293,-0.00390625,1.2199707
11:24:30.32,-0.09619141,-0.00610352,1.23242187
11:24:30.46,-0.08862305,-0.00390625,1.22045898
11:24:30.61,-0.09497071,-0.00415039,1.2224121
11:24:30.75,-0.08959961,0.00439453,1.22387695
11:24:30.89,-0.09277344,-0.00146484,1.23657226
11:24:31.02,-0.09814454,-0.00463867,1.234375
11:24:31.17,-0.09106446,-0.00390625,1.22680664
11:24:31.31,-0.0900879,0,1.22998046
11:24:31.45,-0.0925293,0.00488281,1.23071289