TIME,X,Y,Z
14:24:08.28,-0.08276368,-0.04370117,1.22045898
14:24:08.43,-0.08544922,-0.03857422,1.234375
14:24:08.57,-0.08203125,-0.03076172,1.2458496
14:24:08.71,-0.08447266,-0.03735351,1.21679687
14:24:08.86,-0.07763672,-0.04052734,1.22729492
14:24:09.00,-0.08447266,-0.03173828,1.22387695
14:24:09.13,-0.07617187,-0.03686523,1.23535156
14:24:09.27,-0.08520508,-0.03710937,1.23120117
14:24:09.42,-0.08447266,-0.03076172,1.22851562
14:24:09.56,-0.08764649,-0.03979492,1.22485351
14:24:09.71,-0.08129883,-0.03540039,1.23535156
14:24:09.85,-0.08569336,-0.03588867,1.22021484
14:24:09.99,-0.0793457,-0.03686523,1.22509765
14:24:10.12,-0.07885742,-0.03857422,1.22875976
14:24:10.27,-0.0822754,-0.03540039,1.22680664
14:24:10.41,-0.08154297,-0.03027344,1.23266601
14:24:10.55,-0.08178711,-0.03320312,1.22045898
14:24:10.70,-0.08715821,-0.03271484,1.22070312
14:24:10.84,-0.08105469,-0.0402832,1.23071289
14:24:10.98,-0.08496094,-0.03564453,1.22875976
14:24:11.11,-0.0834961,-0.03930664,1.22753906
14:24:11.26,-0.08422852,-0.03442383,1.22875976
14:24:11.40,-0.08325196,-0.04296875,1.23364257
14:24:11.55,-0.08911133,-0.03564453,1.22314453
14:24:11.69,-0.08178711,-0.03686523,1.23779296
14:24:11.83,-0.08959961,-0.03686523,1.23608398
14:24:11.98,-0.08496094,-0.03833008,1.23535156
14:24:12.12,-0.08837891,-0.03613281,1.23217773
14:24:12.25,-0.07714844,-0.03540039,1.234375
14:24:12.39,-0.08300782,-0.0456543,1.23828125
14:24:12.54,-0.08666993,-0.04516602,1.22216796
14:24:12.68,-0.08764649,-0.0402832,1.2368164
14:24:12.82,-0.08276368,-0.03759765,1.23510742
14:24:12.97,-0.08813477,-0.03808593,1.22705078
14:24:13.11,-0.07836914,-0.04003906,1.23657226
14:24:13.24,-0.08447266,-0.03417968,1.23486328
14:24:13.38,-0.08862305,-0.0324707,1.22460937
14:24:13.53,-0.08813477,-0.03442383,1.22290039
14:24:13.67,-0.078125,-0.03564453,1.23291015
14:24:13.82,-0.08056641,-0.03515625,1.2265625
14:24:13.96,-0.08569336,-0.03735351,1.23193359
14:24:14.10,-0.08520508,-0.03613281,1.22460937
14:24:14.23,-0.08618165,-0.03295898,1.23144531
14:24:14.38,-0.08740235,-0.0324707,1.23852539
14:24:14.52,-0.0793457,-0.03710937,1.22973632
14:24:14.66,-0.08154297,-0.03442383,1.22558593
14:24:14.81,-0.08447266,-0.04101562,1.22973632
14:24:14.95,-0.08422852,-0.03955078,1.23535156
14:24:15.10,-0.08496094,-0.03662109,1.22485351
14:24:15.23,-0.08398438,-0.0402832,1.2265625
14:24:15.37,-0.07983398,-0.03564453,1.23046875
14:24:15.51,-0.07983398,-0.03637695,1.22436523
14:24:15.66,-0.08300782,-0.03930664,1.2290039
14:24:15.80,-0.08642579,-0.03857422,1.22607421
14:24:15.94,-0.08251954,-0.03588867,1.22094726
14:24:16.09,-0.08691407,-0.04003906,1.22851562
14:24:16.22,-0.07861328,-0.03149414,1.21752929
14:24:16.36,-0.08837891,-0.03930664,1.22753906
14:24:16.50,-0.08422852,-0.03491211,1.22363281
14:24:16.65,-0.08251954,-0.03686523,1.23217773
14:24:16.79,-0.08618165,-0.03344726,1.2277832
14:24:16.94,-0.08520508,-0.03759765,1.22680664
14:24:17.08,-0.0859375,-0.0300293,1.22753906
14:24:17.21,-0.08178711,-0.03515625,1.22607421
14:24:17.35,-0.0834961,-0.03442383,1.22851562
14:24:17.49,-0.08569336,-0.03808593,1.22802734
14:24:17.64,-0.08837891,-0.04296875,1.23095703
14:24:17.78,-0.08203125,-0.03979492,1.22583007
14:24:17.93,-0.08544922,-0.03784179,1.23657226
14:24:18.07,-0.08178711,-0.03491211,1.22509765
14:24:18.21,-0.08129883,-0.03979492,1.22998046
14:24:18.34,-0.08422852,-0.03710937,1.22143554
14:24:18.49,-0.08398438,-0.0390625,1.23144531
14:24:18.63,-0.08374024,-0.03808593,1.22338867
14:24:18.77,-0.08007813,-0.03735351,1.23388671
14:24:18.92,-0.08618165,-0.0390625,1.23632812
14:24:19.06,-0.08666993,-0.0390625,1.2265625
14:24:19.21,-0.07836914,-0.03686523,1.2277832
14:24:19.33,-0.08398438,-0.03686523,1.2302246
14:24:19.48,-0.08203125,-0.03588867,1.21948242
14:24:19.62,-0.08666993,-0.04077148,1.21972656
14:24:19.77,-0.08374024,-0.03076172,1.234375
14:24:19.91,-0.0859375,-0.03710937,1.22875976
14:24:20.06,-0.08276368,-0.03784179,1.2368164
14:24:20.20,-0.08056641,-0.0336914,1.22534179
14:24:20.33,-0.07836914,-0.03686523,1.22290039
14:24:20.47,-0.08447266,-0.03637695,1.23193359
14:24:20.61,-0.08520508,-0.04150391,1.2211914
14:24:20.76,-0.08178711,-0.03662109,1.23876953
14:24:20.90,-0.09106446,-0.04370117,1.2224121
14:24:21.05,-0.08544922,-0.03271484,1.23315429
14:24:21.19,-0.08300782,-0.03588867,1.2265625
14:24:21.32,-0.08276368,-0.03662109,1.22338867
14:24:21.46,-0.08422852,-0.03564453,1.22802734
14:24:21.61,-0.08691407,-0.03637695,1.23266601
14:24:21.75,-0.08325196,-0.03564453,1.22924804
14:24:21.89,-0.08374024,-0.03442383,1.22949218
14:24:22.04,-0.08496094,-0.04345703,1.22534179
14:24:22.18,-0.08520508,-0.04174805,1.22387695
14:24:22.31,-0.07836914,-0.03564453,1.22680664
14:24:22.46,-0.08666993,-0.03759765,1.22509765
14:24:22.60,-0.08422852,-0.0336914,1.22314453
14:24:22.74,-0.08056641,-0.04052734,1.21850585
14:24:22.89,-0.0822754,-0.03686523,1.22167968
14:24:23.03,-0.08300782,-0.03295898,1.22753906
14:24:23.17,-0.08081055,-0.03710937,1.22631835
14:24:23.30,-0.08398438,-0.03271484,1.22534179
14:24:23.45,-0.0859375,-0.03808593,1.22949218
14:24:23.59,-0.08813477,-0.04101562,1.21484375
14:24:23.73,-0.08618165,-0.03149414,1.22460937
14:24:23.88,-0.0793457,-0.03588867,1.22802734
14:24:24.02,-0.08251954,-0.04345703,1.22509765
14:24:24.16,-0.08056641,-0.03686523,1.22485351
14:24:24.31,-0.08398438,-0.03588867,1.2302246
14:24:24.44,-0.08251954,-0.04272461,1.22949218
14:24:24.58,-0.0793457,-0.03808593,1.22070312
14:24:24.73,-0.08154297,-0.03320312,1.22802734
14:24:24.87,-0.07568359,-0.03930664,1.23608398
14:24:25.01,-0.08178711,-0.03857422,1.23535156
14:24:25.16,-0.07836914,-0.03784179,1.23046875
14:24:25.30,-0.08105469,-0.03393554,1.23315429
14:24:25.43,-0.08496094,-0.03662109,1.23510742
14:24:25.57,-0.08325196,-0.04052734,1.2265625
14:24:25.72,-0.078125,-0.03271484,1.22412109
14:24:25.86,-0.08422852,-0.03637695,1.23364257
14:24:26.00,-0.08105469,-0.04443359,1.23339843
14:24:26.15,-0.08422852,-0.04174805,1.22973632
14:24:26.29,-0.09301758,-0.03588867,1.23046875
14:24:26.42,-0.07958984,-0.03491211,1.22973632
14:24:26.56,-0.07788086,-0.03564453,1.22314453
14:24:26.71,-0.0859375,-0.03857422,1.22973632
14:24:26.85,-0.08105469,-0.03417968,1.22753906
14:24:27.00,-0.07836914,-0.03833008,1.23364257
14:24:27.14,-0.08203125,-0.03637695,1.22949218
14:24:27.28,-0.07739258,-0.03125,1.22875976
14:24:27.41,-0.07836914,-0.03930664,1.22729492
14:24:27.56,-0.07983398,-0.03295898,1.2265625
14:24:27.70,-0.08374024,-0.03881836,1.23144531
14:24:27.84,-0.08496094,-0.03613281,1.21899414
14:24:27.99,-0.08666993,-0.03271484,1.22924804
14:24:28.13,-0.08154297,-0.03515625,1.2302246
14:24:28.28,-0.0834961,-0.02856445,1.21826171
14:24:28.40,-0.08398438,-0.03564453,1.22363281
14:24:28.55,-0.08374024,-0.03149414,1.23315429
14:24:28.69,-0.08447266,-0.03686523,1.22875976
14:24:28.84,-0.07861328,-0.04223633,1.2265625
14:24:28.98,-0.08129883,-0.04003906,1.22363281
14:24:29.12,-0.08666993,-0.02929687,1.22729492
14:24:29.27,-0.08129883,-0.03515625,1.22729492
14:24:29.40,-0.08642579,-0.03759765,1.234375
14:24:29.54,-0.0900879,-0.0402832,1.22314453
14:24:29.68,-0.08300782,-0.0402832,1.2355957
14:24:29.83,-0.07666016,-0.03271484,1.22607421
14:24:29.97,-0.08007813,-0.03515625,1.23242187
14:24:30.12,-0.08984375,-0.03710937,1.22729492
14:24:30.26,-0.0834961,-0.03735351,1.22558593
14:24:30.39,-0.08642579,-0.02978516,1.22485351
14:24:30.53,-0.08398438,-0.03442383,1.23901367
14:24:30.67,-0.08569336,-0.03198242,1.22412109
14:24:30.82,-0.08520508,-0.03417968,1.22583007
14:24:30.96,-0.08740235,-0.03344726,1.23242187
14:24:31.11,-0.08105469,-0.0402832,1.22290039
14:24:31.25,-0.0847168,-0.03930664,1.23266601
14:24:31.39,-0.08642579,-0.03979492,1.23364257
14:24:31.52,-0.08007813,-0.03857422,1.22387695
14:24:31.67,-0.08496094,-0.03979492,1.23266601
14:24:31.81,-0.08520508,-0.04077148,1.22436523
14:24:31.95,-0.0822754,-0.03881836,1.23193359
14:24:32.10,-0.0847168,-0.03613281,1.22827148
14:24:32.24,-0.08374024,-0.03588867,1.23291015
14:24:32.39,-0.08032227,-0.03930664,1.22143554
14:24:32.66,-0.07836914,-0.0402832,1.22802734
14:24:32.80,-0.08178711,-0.0390625,1.22509765
14:24:32.95,-0.08422852,-0.0402832,1.22583007
14:24:33.09,-0.07641602,-0.04272461,1.2211914
14:24:33.23,-0.07983398,-0.04077148,1.22851562
14:24:33.38,-0.07666016,-0.03930664,1.2368164
14:24:33.51,-0.07958984,-0.03442383,1.22290039
14:24:33.65,-0.08496094,-0.03759765,1.23095703
14:24:33.79,-0.08056641,-0.03759765,1.23364257
14:24:33.94,-0.0859375,-0.03491211,1.22998046
14:24:34.08,-0.08447266,-0.03540039,1.22631835
14:24:34.23,-0.08105469,-0.03613281,1.21362304
14:24:34.37,-0.08715821,-0.03808593,1.24072265
14:24:34.50,-0.08300782,-0.04345703,1.22583007
14:24:34.64,-0.08300782,-0.03613281,1.22802734
14:24:34.79,-0.08325196,-0.03735351,1.22998046
14:24:34.93,-0.07958984,-0.0336914,1.23168945
14:24:35.08,-0.08325196,-0.04003906,1.23388671
14:24:35.22,-0.08081055,-0.03564453,1.22680664
14:24:35.36,-0.08691407,-0.03637695,1.2211914
14:24:35.49,-0.08837891,-0.0390625,1.23242187
14:24:35.63,-0.08276368,-0.03881836,1.23339843
14:24:35.78,-0.08325196,-0.03198242,1.2265625
14:24:35.92,-0.08276368,-0.03417968,1.23364257
14:24:36.07,-0.08154297,-0.0390625,1.22534179
14:24:36.21,-0.07739258,-0.03784179,1.22436523
14:24:36.35,-0.08056641,-0.03784179,1.21826171
14:24:36.48,-0.08422852,-0.04077148,1.2265625
14:24:36.62,-0.0859375,-0.03491211,1.22827148
14:24:36.77,-0.08129883,-0.04248047,1.23046875
14:24:36.91,-0.08056641,-0.04370117,1.2277832
14:24:37.06,-0.08447266,-0.03979492,1.22827148
14:24:37.20,-0.08251954,-0.03295898,1.23046875
14:24:37.35,-0.07910156,-0.04150391,1.23510742
14:24:37.49,-0.08691407,-0.04370117,1.21679687
14:24:37.62,-0.08032227,-0.03857422,1.22973632
14:24:37.76,-0.07714844,-0.03271484,1.23339843
14:24:37.91,-0.08398438,-0.03955078,1.21655273
14:24:38.05,-0.08056641,-0.03491211,1.23657226
14:24:38.19,-0.0859375,-0.03637695,1.22436523
14:24:38.34,-0.08789063,-0.03808593,1.22143554
14:24:38.48,-0.08276368,-0.03881836,1.22460937
14:24:38.61,-0.0822754,-0.04296875,1.22216796
14:24:38.75,-0.08520508,-0.03588867,1.23950195
14:24:38.90,-0.08325196,-0.03564453,1.22729492
14:24:39.04,-0.08422852,-0.03955078,1.23168945
14:24:39.18,-0.08447266,-0.03662109,1.22387695
14:24:39.33,-0.08422852,-0.03588867,1.22265625
14:24:39.47,-0.07568359,-0.04272461,1.21704101
14:24:39.60,-0.07983398,-0.03930664,1.22851562
14:24:39.74,-0.08398438,-0.03320312,1.23193359
14:24:39.89,-0.08544922,-0.03149414,1.22827148
14:24:40.03,-0.08520508,-0.03808593,1.23242187
14:24:40.18,-0.08398438,-0.03588867,1.2277832
14:24:40.32,-0.08544922,-0.0336914,1.22998046
14:24:40.46,-0.08764649,-0.03417968,1.2302246
14:24:40.74,-0.08251954,-0.03662109,1.22436523
14:24:40.88,-0.08056641,-0.04296875,1.23608398
14:24:41.03,-0.08544922,-0.03515625,1.22729492
14:24:41.17,-0.08007813,-0.03295898,1.23754882
14:24:41.31,-0.07763672,-0.03515625,1.2224121
14:24:41.46,-0.08154297,-0.03710937,1.22143554
14:24:41.59,-0.07983398,-0.03442383,1.22729492
14:24:41.73,-0.08569336,-0.03833008,1.2277832
14:24:41.87,-0.08447266,-0.03442383,1.21191406
14:24:42.02,-0.08447266,-0.04492187,1.22167968
14:24:42.16,-0.08569336,-0.04052734,1.22143554
14:24:42.30,-0.08520508,-0.03564453,1.22607421
14:24:42.45,-0.0793457,-0.04858398,1.23168945
14:24:42.57,-0.08691407,-0.04248047,1.2145996
14:24:42.72,-0.08398438,-0.0336914,1.22680664
14:24:42.86,-0.0769043,-0.03515625,1.2277832
14:24:43.01,-0.08447266,-0.03564453,1.22167968
14:24:43.15,-0.08007813,-0.02612305,1.2302246
14:24:43.30,-0.0834961,-0.03515625,1.23071289
14:24:43.44,-0.08251954,-0.03027344,1.22436523
14:24:43.58,-0.08374024,-0.03735351,1.22998046
14:24:43.71,-0.07519531,-0.04101562,1.22875976
14:24:43.85,-0.07788086,-0.03759765,1.2290039
14:24:44.00,-0.08056641,-0.03735351,1.22094726
14:24:44.14,-0.08496094,-0.03686523,1.22729492
14:24:44.29,-0.08642579,-0.03442383,1.23535156
14:24:44.43,-0.0834961,-0.04125977,1.22875976
14:24:44.57,-0.08642579,-0.03735351,1.2265625
14:24:44.70,-0.0847168,-0.03759765,1.22094726
14:24:44.85,-0.08520508,-0.0402832,1.22875976
14:24:44.99,-0.08520508,-0.03857422,1.22534179
14:24:45.13,-0.08520508,-0.04077148,1.22705078
14:24:45.28,-0.08862305,-0.04052734,1.22705078
14:24:45.42,-0.08764649,-0.03735351,1.22607421
14:24:45.57,-0.07885742,-0.03637695,1.22290039
14:24:45.69,-0.08203125,-0.03735351,1.23315429
14:24:45.84,-0.08007813,-0.03808593,1.23413085
14:24:45.98,-0.08911133,-0.03759765,1.23315429
14:24:46.13,-0.08081055,-0.04223633,1.22509765
14:24:46.27,-0.08105469,-0.0336914,1.2211914
14:24:46.41,-0.07958984,-0.03295898,1.23315429
14:24:46.56,-0.08154297,-0.04052734,1.23193359
14:24:46.69,-0.08496094,-0.03149414,1.21923828
14:24:46.83,-0.0822754,-0.04296875,1.22216796
14:24:46.97,-0.07763672,-0.03613281,1.22851562
14:24:47.12,-0.08691407,-0.03735351,1.22583007
14:24:47.26,-0.08447266,-0.03662109,1.22290039
14:24:47.41,-0.0834961,-0.03491211,1.22607421
14:24:47.55,-0.08374024,-0.03613281,1.22485351
14:24:47.68,-0.08056641,-0.0390625,1.2224121
14:24:47.82,-0.08325196,-0.03540039,1.22387695
14:24:47.97,-0.08154297,-0.03173828,1.22167968
14:24:48.11,-0.08276368,-0.03320312,1.22680664
14:24:48.25,-0.08398438,-0.03588867,1.22705078
14:24:48.40,-0.0834961,-0.03857422,1.2302246
14:24:48.54,-0.07958984,-0.03637695,1.21899414
14:24:48.67,-0.07666016,-0.04321289,1.23461914
14:24:48.81,-0.08203125,-0.03784179,1.22143554
14:24:48.96,-0.0847168,-0.03979492,1.22949218
14:24:49.10,-0.07299805,-0.03735351,1.22412109
14:24:49.25,-0.08081055,-0.04101562,1.2290039
14:24:49.39,-0.08374024,-0.0402832,1.2265625
14:24:49.53,-0.08666993,-0.03735351,1.22631835
14:24:49.66,-0.07958984,-0.03515625,1.22485351
14:24:49.80,-0.07495117,-0.03588867,1.22949218
14:24:49.95,-0.07910156,-0.03662109,1.2290039
14:24:50.09,-0.08398438,-0.03662109,1.23657226
14:24:50.24,-0.08422852,-0.03930664,1.23828125
14:24:50.38,-0.08325196,-0.04125977,1.22607421
14:24:50.53,-0.08325196,-0.03515625,1.23046875
14:24:50.67,-0.08520508,-0.0390625,1.21728515
14:24:50.80,-0.0793457,-0.03735351,1.22045898
14:24:50.94,-0.08178711,-0.03686523,1.23046875
14:24:51.08,-0.08081055,-0.03173828,1.22753906
14:24:51.23,-0.08520508,-0.03833008,1.22924804
14:24:51.37,-0.07641602,-0.03637695,1.21826171
14:24:51.52,-0.08300782,-0.03344726,1.22216796
14:24:51.66,-0.08178711,-0.03540039,1.22314453
14:24:51.79,-0.08642579,-0.03466797,1.22924804
14:24:51.93,-0.08300782,-0.03393554,1.21704101
14:24:52.08,-0.0847168,-0.04345703,1.2290039
14:24:52.22,-0.07958984,-0.03735351,1.22534179
14:24:52.36,-0.08862305,-0.04199219,1.23071289
14:24:52.51,-0.08325196,-0.03662109,1.22460937
14:24:52.64,-0.08789063,0.11889649,1.11816406
14:24:52.78,-0.08764649,-0.04199219,1.22973632
14:24:52.92,-0.08520508,-0.04541016,1.22265625
14:24:53.07,-0.07983398,-0.03955078,1.22558593
14:24:53.21,-0.08105469,-0.03710937,1.22314453
14:24:53.36,-0.08105469,-0.04003906,1.22729492
14:24:53.50,-0.07714844,-0.03417968,1.22412109
14:24:53.64,-0.08178711,-0.03295898,1.22485351
14:24:53.77,-0.08032227,-0.03662109,1.21948242
14:24:53.92,-0.0822754,-0.03540039,1.2211914
14:24:54.06,-0.08398438,-0.03857422,1.22998046
14:24:54.20,-0.08105469,-0.04394531,1.22338867
14:24:54.35,-0.08178711,-0.03857422,1.2302246
14:24:54.49,-0.08081055,-0.03784179,1.23046875
14:24:54.64,-0.08032227,-0.0324707,1.22607421
14:24:54.76,-0.07836914,-0.04296875,1.22924804
14:24:54.91,-0.08325196,-0.03588867,1.22729492
14:24:55.05,-0.08764649,-0.03588867,1.22875976
14:24:55.19,-0.0793457,-0.03930664,1.22412109
14:24:55.34,-0.08056641,-0.03491211,1.22460937
14:24:55.48,-0.08398438,-0.04321289,1.21923828
14:24:55.63,-0.07739258,-0.03540039,1.22167968
14:24:55.75,-0.09082032,-0.04077148,1.22851562
14:24:55.90,-0.08276368,-0.0402832,1.22607421
14:24:56.04,-0.07739258,-0.03125,1.22192382
14:24:56.19,-0.08496094,-0.03222656,1.22631835
14:24:56.33,-0.08520508,-0.04003906,1.22290039
14:24:56.48,-0.08374024,-0.03076172,1.21826171
14:24:56.62,-0.08325196,-0.03833008,1.2265625
14:24:56.75,-0.08276368,-0.04394531,1.2290039
14:24:56.89,-0.08374024,-0.04077148,1.22973632
14:24:57.03,-0.08178711,-0.03588867,1.22363281
14:24:57.18,-0.0847168,-0.03857422,1.22973632
14:24:57.32,-0.08496094,-0.03417968,1.22216796
14:24:57.47,-0.08300782,-0.03710937,1.22729492
14:24:57.61,-0.08496094,-0.0390625,1.2265625
14:24:57.74,-0.08203125,-0.03784179,1.22412109
14:24:57.88,-0.08056641,-0.03515625,1.2265625
14:24:58.03,-0.0834961,-0.03540039,1.23852539
14:24:58.17,-0.0822754,-0.04052734,1.2368164
14:24:58.31,-0.08056641,-0.03662109,1.23461914
14:24:58.46,0.00317383,-0.06884766,1.12841796
14:24:58.60,-0.0859375,-0.03857422,1.22534179
14:24:58.73,-0.07836914,-0.02416992,1.21606445
14:24:58.87,-0.08520508,-0.03735351,1.22558593
14:24:59.02,-0.08447266,-0.04370117,1.22021484
14:24:59.16,-0.078125,-0.03759765,1.22924804
14:24:59.31,-0.08740235,-0.03784179,1.22827148
14:24:59.45,-0.0847168,-0.04077148,1.22924804
14:24:59.59,-0.08789063,-0.0336914,1.23291015
14:24:59.72,-0.07861328,-0.03735351,1.22534179
14:24:59.87,-0.0847168,-0.03295898,1.22485351
14:25:00.01,-0.08520508,-0.03344726,1.22094726
14:25:00.15,-0.08789063,-0.03393554,1.22094726
14:25:00.30,-0.08447266,-0.04174805,1.23095703
14:25:00.44,-0.08959961,-0.03417968,1.23071289
14:25:00.59,-0.08618165,-0.04125977,1.22558593
14:25:00.72,-0.0847168,-0.03857422,1.23925781
14:25:00.86,-0.0834961,-0.03930664,1.23266601
14:25:01.00,-0.08398438,-0.04101562,1.2211914
14:25:01.15,-0.08251954,-0.04052734,1.21923828
14:25:01.29,-0.0822754,-0.03466797,1.23144531
14:25:01.43,-0.07861328,-0.03710937,1.22338867
14:25:01.58,-0.08276368,-0.03735351,1.22192382
14:25:01.72,-0.09106446,-0.03564453,1.22558593
14:25:01.85,-0.0822754,-0.04614258,1.22021484
14:25:01.99,-0.08398438,-0.03564453,1.22680664
14:25:02.14,-0.0793457,-0.03930664,1.2211914
14:25:02.28,-0.08056641,-0.03881836,1.22216796
14:25:02.42,-0.07885742,-0.03417968,1.22558593
14:25:02.57,-0.07910156,-0.03637695,1.2224121
14:25:02.71,-0.08032227,-0.04321289,1.22460937
14:25:02.84,-0.08154297,-0.03955078,1.21801757
14:25:02.98,-0.07788086,-0.03710937,1.23876953
14:25:03.13,-0.07983398,-0.02978516,1.22802734
14:25:03.27,-0.08789063,-0.04125977,1.2277832
14:25:03.42,-0.08496094,-0.04150391,1.2265625
14:25:03.56,-0.08447266,-0.03833008,1.22583007
14:25:03.70,-0.08398438,-0.03637695,1.22949218
14:25:03.83,-0.08666993,-0.03198242,1.23364257
14:25:03.98,-0.07983398,-0.03295898,1.21606445
14:25:04.12,-0.12280274,-0.03295898,1.2578125
14:25:04.27,-0.08276368,-0.03662109,1.21899414
14:25:04.41,-0.08007813,-0.03833008,1.22021484
14:25:04.55,-0.08618165,-0.03613281,1.23144531
14:25:04.70,-0.08300782,-0.03710937,1.22387695
14:25:04.82,-0.08276368,-0.04052734,1.22875976
14:25:04.97,-0.0900879,-0.03881836,1.22363281
14:25:05.11,-0.08105469,-0.04174805,1.22265625
14:25:05.26,-0.08764649,-0.03295898,1.22583007
14:25:05.40,-0.0859375,-0.04150391,1.23266601
14:25:05.54,-0.09155274,-0.03759765,1.2224121
14:25:05.69,-0.0834961,-0.03759765,1.22924804
14:25:05.82,-0.0834961,-0.03515625,1.2290039
14:25:05.96,-0.08374024,-0.03613281,1.2277832
14:25:06.11,-0.08764649,-0.03417968,1.22534179
14:25:06.25,-0.08569336,-0.0324707,1.23754882
14:25:06.39,-0.08422852,-0.03686523,1.22045898
14:25:06.54,-0.0834961,-0.03637695,1.2145996
14:25:06.68,-0.0822754,-0.0390625,1.22509765
14:25:06.81,-0.0859375,-0.03515625,1.22851562
14:25:06.95,-0.07568359,-0.03808593,1.22070312
14:25:07.10,-0.0793457,-0.03588867,1.2277832
14:25:07.24,-0.08520508,-0.03759765,1.22290039
14:25:07.38,-0.08422852,-0.03662109,1.22021484
14:25:07.53,-0.08203125,-0.03417968,1.22998046
14:25:07.67,-0.07958984,-0.0324707,1.22021484
14:25:07.82,-0.08081055,-0.03466797,1.21411132
14:25:07.94,-0.08276368,-0.04125977,1.22973632
14:25:08.09,-0.07617187,-0.03662109,1.22949218
14:25:08.23,-0.09106446,-0.0336914,1.21948242
14:25:08.38,-0.08203125,-0.02709961,1.23291015
14:25:08.52,-0.0847168,-0.03637695,1.22607421
14:25:08.66,-0.08422852,-0.04101562,1.22680664
14:25:08.81,-0.0822754,-0.03710937,1.2277832
14:25:08.94,-0.08300782,-0.03344726,1.22705078
14:25:09.08,-0.08715821,-0.03735351,1.23657226
14:25:09.22,-0.07861328,-0.03735351,1.2302246
14:25:09.37,-0.08129883,-0.03564453,1.22290039
14:25:09.51,-0.08447266,-0.03271484,1.21386718
14:25:09.66,-0.48071289,-0.36230468,1.17089843
14:25:09.80,-0.08325196,-0.03881836,1.22485351
14:25:09.93,-0.09423829,-0.02441406,1.22705078
14:25:10.07,-0.07348633,-0.04736328,1.22998046
14:25:10.22,-0.07739258,-0.04077148,1.22460937
14:25:10.36,-0.08178711,-0.03881836,1.22534179
14:25:10.50,-0.08203125,-0.04345703,1.2290039
14:25:10.65,-0.0859375,-0.03051758,1.21630859
14:25:10.79,-0.07983398,-0.0336914,1.22509765
14:25:10.92,-0.08178711,-0.04174805,1.22363281
14:25:11.06,-0.08056641,-0.03710937,1.21655273
14:25:11.21,-0.07983398,-0.03686523,1.22192382
14:25:11.35,-0.07788086,-0.04296875,1.22607421
14:25:11.49,-0.08105469,-0.03735351,1.22363281
14:25:11.64,-0.08203125,-0.04052734,1.22143554
14:25:11.78,-0.08984375,-0.03979492,1.22802734
14:25:11.91,-0.08789063,-0.04150391,1.22265625
14:25:12.05,-0.0793457,-0.03784179,1.22192382
14:25:12.20,-0.08496094,-0.0402832,1.21850585
14:25:12.34,-0.08569336,-0.03491211,1.22485351
14:25:12.49,-0.08447266,-0.03710937,1.21752929
14:25:12.63,-0.08764649,-0.0390625,1.22216796
14:25:12.77,-0.0834961,-0.03930664,1.23242187
14:25:12.90,-0.08129883,-0.03710937,1.22338867
14:25:13.05,-0.08422852,-0.03637695,1.22558593
14:25:13.19,-0.0859375,-0.03613281,1.21801757
14:25:13.33,-0.08618165,-0.03442383,1.22534179
14:25:13.48,-0.08007813,-0.03930664,1.22094726
14:25:13.62,-0.0834961,-0.03857422,1.22631835
14:25:13.76,-0.0793457,-0.03710937,1.22705078
14:25:13.89,-0.09082032,-0.03662109,1.22851562
14:25:14.04,-0.08398438,-0.03710937,1.21630859
14:25:14.18,-0.08496094,-0.04003906,1.22949218
14:25:14.33,-0.08056641,-0.04174805,1.21679687
14:25:14.47,-0.08276368,-0.03564453,1.23413085
14:25:14.61,-0.0793457,-0.03540039,1.22998046
14:25:14.76,-0.07788086,-0.03662109,1.21313476
14:25:14.90,-0.08056641,-0.03662109,1.22680664
14:25:15.03,-0.07788086,-0.04150391,1.22192382
14:25:15.17,0.07910156,-0.1442871,1.15283203
14:25:15.32,-0.07983398,-0.03393554,1.22534179
14:25:15.46,-0.09960938,-0.03149414,1.23071289
14:25:15.60,-0.0859375,-0.0402832,1.22509765
14:25:15.75,-0.08251954,-0.03271484,1.22607421
14:25:15.88,-0.06176758,-0.07128906,1.20947265
14:25:16.02,-0.08203125,-0.03759765,1.22070312
14:25:16.16,-0.0834961,-0.0336914,1.2290039
14:25:16.31,-0.08105469,-0.03833008,1.22485351
14:25:16.45,-0.08544922,-0.03295898,1.21948242
14:25:16.60,-0.08544922,-0.04345703,1.22070312
14:25:16.74,-0.0847168,-0.03686523,1.22192382
14:25:16.87,-0.08007813,-0.03808593,1.22753906
14:25:17.01,-0.08374024,-0.03759765,1.22729492
14:25:17.16,-0.08276368,-0.03735351,1.22314453
14:25:17.30,-0.08374024,-0.03979492,1.22509765
14:25:17.44,-0.0900879,-0.03613281,1.21972656
14:25:17.59,-0.08178711,-0.03271484,1.21875
14:25:17.73,-0.08618165,-0.03222656,1.23120117
14:25:17.88,-0.08032227,-0.03710937,1.23339843
14:25:18.00,-0.08520508,-0.03759765,1.22021484
14:25:18.15,-0.08276368,-0.03515625,1.22387695
14:25:18.29,-0.08447266,-0.03784179,1.22314453
14:25:18.44,-0.07714844,-0.03710937,1.2290039
14:25:18.58,-0.08618165,-0.03466797,1.22314453
14:25:18.72,-0.0822754,-0.03686523,1.22143554
14:25:18.87,-0.08203125,-0.03100586,1.22485351
14:25:19.00,-0.08032227,-0.03564453,1.2211914
14:25:19.14,-0.08544922,-0.03784179,1.2302246
14:25:19.28,-0.08129883,-0.03784179,1.2290039
14:25:19.43,-0.08374024,-0.03588867,1.21850585
14:25:19.57,-0.08886719,-0.03784179,1.21289062
14:25:19.72,-0.08374024,-0.0390625,1.22094726
14:25:19.86,-0.08178711,-0.03955078,1.22851562
14:25:19.99,-0.08642579,-0.0324707,1.23413085
14:25:20.13,-0.08447266,-0.03784179,1.22436523
14:25:20.27,-0.08081055,-0.03466797,1.2224121
14:25:20.42,-0.08544922,-0.0324707,1.22558593
14:25:20.56,-0.08496094,-0.03857422,1.22363281
14:25:20.71,-0.08691407,-0.04223633,1.22924804
14:25:20.85,-0.08276368,-0.03710937,1.22412109
14:25:20.98,-0.08398438,-0.03125,1.22143554
14:25:21.12,-0.08325196,-0.02661133,1.22924804
14:25:21.27,-0.08374024,-0.03613281,1.22973632
14:25:21.41,-0.0793457,-0.03930664,1.22607421
14:25:21.56,-0.0769043,-0.03735351,1.21655273
14:25:21.70,-0.07885742,-0.04003906,1.22412109
14:25:21.84,-0.08276368,-0.03979492,1.22973632
14:25:21.97,-0.08203125,-0.03808593,1.23168945
14:25:22.11,-0.08642579,-0.03491211,1.23242187
14:25:22.26,-0.0822754,-0.03662109,1.22290039
14:25:22.40,-0.08544922,-0.04101562,1.22460937
14:25:22.55,-0.08105469,-0.04052734,1.21801757
14:25:22.69,-0.08251954,-0.04223633,1.22558593
14:25:22.83,-0.07861328,-0.03955078,1.22509765
14:25:22.96,-0.07861328,-0.03271484,1.22680664
14:25:23.11,-0.08740235,-0.03149414,1.22216796
14:25:23.25,-0.08178711,-0.03955078,1.22460937
14:25:23.39,-0.08032227,-0.03564453,1.22363281
14:25:23.54,-0.08789063,-0.04174805,1.22216796
14:25:23.68,-0.08007813,-0.03784179,1.22412109
14:25:23.83,-0.0793457,-0.03613281,1.22827148
14:25:23.97,-0.08398438,-0.03784179,1.22705078
14:25:24.10,-0.0847168,-0.03759765,1.23046875
14:25:24.24,-0.0793457,-0.03491211,1.22631835
14:25:24.39,-0.08789063,-0.03466797,1.2224121
14:25:24.53,-0.0847168,-0.03662109,1.22412109
14:25:24.67,-0.07958984,-0.0402832,1.22045898
14:25:24.82,-0.08154297,-0.04248047,1.22460937
14:25:24.96,-0.08032227,-0.03686523,1.21118164
14:25:25.09,-0.08105469,-0.03857422,1.22583007
14:25:25.24,-0.07983398,-0.03442383,1.22070312
14:25:25.38,-0.0834961,-0.03466797,1.22973632
14:25:25.52,-0.08520508,-0.03735351,1.22387695
14:25:25.67,-0.0913086,-0.03417968,1.22192382
14:25:25.81,-0.07885742,-0.03271484,1.22192382
14:25:25.95,-0.05517578,-0.08154297,1.21118164
14:25:26.08,-0.07861328,-0.03955078,1.23242187
14:25:26.23,-0.07714844,-0.03320312,1.22387695
14:25:26.37,-0.08642579,-0.02905273,1.22729492
14:25:26.51,-0.07543945,-0.0324707,1.22534179
14:25:26.66,-0.08496094,-0.04174805,1.22338867
14:25:26.80,-0.08251954,-0.03540039,1.22045898
14:25:26.95,-0.08398438,-0.03710937,1.23168945
14:25:27.07,-0.08105469,-0.03637695,1.22290039
14:25:27.22,-0.08813477,-0.03222656,1.23193359
14:25:27.36,-0.08300782,-0.03784179,1.22680664
14:25:27.51,-0.08203125,-0.0402832,1.22314453
14:25:27.65,-0.07958984,-0.04272461,1.23168945
14:25:27.79,-0.08813477,-0.04199219,1.22216796
14:25:27.94,-0.08374024,-0.03588867,1.22607421
14:25:28.06,-0.08666993,-0.04345703,1.2290039
14:25:28.21,-0.07958984,-0.0324707,1.22192382
14:25:28.35,-0.08300782,-0.0336914,1.22460937
14:25:28.50,-0.08764649,-0.03637695,1.22949218
14:25:28.64,-0.08642579,-0.03491211,1.22485351
14:25:28.78,-0.08544922,-0.03955078,1.22631835
14:25:28.93,-0.08691407,-0.03295898,1.22558593
14:25:29.06,-0.09228516,-0.03735351,1.21752929
14:25:29.20,-0.08618165,-0.03295898,1.22875976
14:25:29.34,-0.08398438,-0.03662109,1.20996093
14:25:29.49,-0.08129883,-0.03149414,1.2224121
14:25:29.63,-0.0859375,-0.03784179,1.23120117
14:25:29.78,-0.08081055,-0.03662109,1.22509765
14:25:29.92,-0.08251954,-0.03759765,1.21728515
14:25:30.06,-0.08520508,-0.04052734,1.22631835
14:25:30.19,-0.08178711,-0.03857422,1.21948242
14:25:30.34,-0.08740235,-0.04199219,1.2199707
14:25:30.48,-0.06787109,-0.24877929,1.23291015
14:25:30.62,-0.08935547,-0.03784179,1.22387695
14:25:30.77,-0.08813477,-0.03417968,1.23242187
14:25:30.91,-0.0847168,-0.03027344,1.22729492
14:25:31.06,-0.08178711,-0.04052734,1.2265625
14:25:31.19,-0.08496094,-0.03442383,1.22338867
14:25:31.33,-0.08422852,-0.03759765,1.21630859
14:25:31.47,-0.078125,-0.03710937,1.22460937
14:25:31.62,-0.08569336,-0.03100586,1.21411132
14:25:31.76,-0.08569336,-0.03808593,1.21801757
14:25:31.90,-0.08740235,-0.03466797,1.22363281
14:25:32.05,-0.08251954,-0.03442383,1.22753906
14:25:32.18,-0.08422852,-0.04125977,1.22094726
14:25:32.32,-0.08837891,-0.0324707,1.23706054
14:25:32.47,-0.08398438,-0.03540039,1.22753906
14:25:32.61,-0.0900879,-0.03759765,1.22460937
14:25:32.75,-0.07495117,-0.03784179,1.22045898
14:25:32.90,-0.07666016,-0.0390625,1.22583007
14:25:33.04,-0.07519531,-0.03417968,1.22680664
14:25:33.17,-0.08935547,-0.03955078,1.22314453
14:25:33.31,-0.08520508,-0.03564453,1.21826171
14:25:33.46,-0.08374024,-0.04443359,1.22070312
14:25:33.60,-0.08178711,-0.03808593,1.22949218
14:25:33.74,-0.08325196,-0.03393554,1.22290039
14:25:33.89,-0.08691407,-0.0336914,1.21850585
14:25:34.03,-0.08984375,-0.03710937,1.22998046
14:25:34.16,-0.08203125,-0.03710937,1.23144531
14:25:34.30,-0.08007813,-0.03149414,1.21948242
14:25:34.45,-0.08398438,-0.03857422,1.22021484
14:25:34.59,-0.08276368,-0.03491211,1.22827148
14:25:34.74,-0.07788086,-0.04150391,1.22583007
14:25:34.88,-0.07958984,-0.04223633,1.22363281
14:25:35.02,-0.0822754,-0.03881836,1.22534179
14:25:35.15,-0.08959961,-0.03491211,1.23168945
14:25:35.29,-0.10278321,-0.02050781,1.24877929
14:25:35.44,-0.08837891,-0.03833008,1.22094726
14:25:35.58,-0.10791016,0.00292969,1.23315429
14:25:35.73,-0.0793457,-0.04296875,1.22143554
14:25:35.87,-0.0793457,-0.03759765,1.22851562
14:25:36.01,-0.08081055,-0.03881836,1.22192382
14:25:36.14,-0.08374024,-0.03710937,1.22631835
14:25:36.29,-0.08251954,-0.03662109,1.22583007
14:25:36.43,-0.08374024,-0.03930664,1.22607421
14:25:36.57,-0.08862305,-0.0336914,1.21679687
14:25:36.72,-0.08959961,-0.04077148,1.21899414
14:25:36.86,-0.07666016,-0.03833008,1.2265625
14:25:37.01,-0.08569336,-0.03735351,1.22192382
14:25:37.13,-0.07958984,-0.03784179,1.22094726
14:25:37.28,-0.08422852,-0.03564453,1.22680664
14:25:37.42,-0.07592773,-0.03491211,1.22509765
14:25:37.57,-0.08178711,-0.04150391,1.22021484
14:25:37.71,-0.08984375,-0.03710937,1.22558593
14:25:37.85,-0.0834961,-0.04516602,1.23632812
14:25:38.00,-0.07592773,-0.03808593,1.22314453
14:25:38.13,-0.08813477,-0.03515625,1.22460937
14:25:38.27,-0.07861328,-0.03955078,1.23535156
14:25:38.41,-0.07836914,-0.03955078,1.22436523
14:25:38.56,-0.08081055,-0.03784179,1.2302246
14:25:38.70,-0.08056641,-0.03979492,1.22314453
14:25:38.85,-0.08789063,-0.0324707,1.21777343
14:25:38.99,-0.08764649,-0.03491211,1.22973632
14:25:39.13,-0.08422852,-0.03686523,1.22436523
14:25:39.26,-0.078125,-0.04077148,1.21850585
14:25:39.41,-0.08154297,-0.03808593,1.22949218
14:25:39.55,-0.08520508,-0.03564453,1.22998046
14:25:39.69,-0.08496094,-0.03295898,1.22387695
14:25:39.84,-0.07763672,-0.03222656,1.22973632
14:25:39.98,-0.08300782,-0.04101562,1.2224121
14:25:40.13,-0.0834961,-0.03637695,1.22753906
14:25:40.25,-0.08813477,-0.04296875,1.11328125
14:25:40.40,-0.08178711,-0.03662109,1.22436523
14:25:40.54,-0.08374024,-0.03930664,1.22509765
14:25:40.68,-0.07739258,-0.03710937,1.22338867
14:25:40.83,-0.08081055,-0.03735351,1.23315429
14:25:40.97,-0.08813477,-0.03588867,1.22094726
14:25:41.12,-0.08496094,-0.03173828,1.21899414
14:25:41.24,-0.08178711,-0.03930664,1.22973632
14:25:41.39,-0.0859375,-0.03442383,1.21899414
14:25:41.53,-0.08178711,-0.04003906,1.22558593
14:25:41.68,-0.08178711,-0.03149414,1.22583007
14:25:41.82,-0.09204102,-0.03686523,1.22460937
14:25:41.97,-0.08276368,-0.03198242,1.22265625
14:25:42.11,-0.08837891,-0.03149414,1.21679687
14:25:42.24,-0.08203125,-0.0324707,1.22851562
14:25:42.38,-0.08276368,-0.04077148,1.22412109
14:25:42.53,-0.08129883,-0.03662109,1.22167968
14:25:42.67,-0.08398438,-0.03564453,1.22314453
14:25:42.81,-0.08276368,-0.03857422,1.22729492
14:25:42.96,-0.08447266,-0.03491211,1.22680664
14:25:43.10,-0.08203125,-0.03979492,1.21923828
14:25:43.23,-0.08642579,-0.03662109,1.22949218
14:25:43.37,-0.08618165,-0.03173828,1.23193359
14:25:43.52,-0.08129883,-0.03808593,1.22094726
14:25:43.66,-0.08105469,-0.04101562,1.22851562
14:25:43.80,-0.08105469,-0.03833008,1.2265625
14:25:43.95,-0.08764649,-0.03833008,1.22094726
14:25:44.09,-0.0793457,-0.03955078,1.22924804
14:25:44.22,-0.08618165,-0.04052734,1.22460937
14:25:44.36,-0.08422852,-0.03417968,1.234375
14:25:44.51,-0.08740235,-0.03295898,1.22314453
14:25:44.65,-0.08276368,-0.03686523,1.22460937
14:25:44.80,-0.08251954,-0.0402832,1.22875976
14:25:44.94,-0.08105469,-0.03662109,1.22509765
14:25:45.08,-0.0793457,-0.04077148,1.22875976
14:25:45.23,-0.08715821,-0.03417968,1.22753906
14:25:45.36,-0.08325196,-0.03442383,1.22143554
14:25:45.50,-0.0834961,-0.03100586,1.22729492
14:25:45.64,-0.08081055,-0.03662109,1.21948242
14:25:45.79,-0.08642579,-0.03540039,1.22485351
14:25:45.93,-0.078125,-0.04077148,1.22387695
14:25:46.08,-0.08178711,-0.03515625,1.22460937
14:25:46.22,-0.08422852,-0.03662109,1.21948242
14:25:46.35,-0.08496094,-0.03564453,1.21484375
14:25:46.49,-0.08154297,-0.03710937,1.23046875
14:25:46.63,-0.0822754,-0.04052734,1.22021484
14:25:46.78,-0.08447266,-0.03417968,1.22485351
14:25:46.92,-0.08520508,-0.03320312,1.22192382
14:25:47.07,-0.08300782,-0.03637695,1.22509765
14:25:47.21,-0.0834961,-0.03222656,1.21948242
14:25:47.34,-0.09057618,-0.03271484,1.22558593
14:25:47.48,-0.08496094,-0.03759765,1.22607421
14:25:47.63,-0.08203125,-0.03173828,1.2211914
14:25:47.77,-0.07958984,-0.03979492,1.23510742
14:25:47.91,-0.08422852,-0.03051758,1.22729492
14:25:48.06,-0.08325196,-0.04052734,1.22167968
14:25:48.20,-0.08837891,-0.03784179,1.22827148
14:25:48.33,-0.0769043,-0.03784179,1.22045898
14:25:48.47,-0.07885742,-0.03735351,1.22534179
14:25:48.62,-0.08398438,-0.03857422,1.22827148
14:25:48.76,-0.08544922,-0.03588867,1.22070312
14:25:48.91,-0.08544922,-0.03637695,1.22387695
14:25:49.05,-0.08789063,-0.04003906,1.22583007
14:25:49.19,-0.08129883,-0.03784179,1.22509765
14:25:49.32,-0.08569336,-0.03833008,1.21801757
14:25:49.47,-0.08276368,-0.04614258,1.21313476
14:25:49.61,-0.07788086,0.05932617,1.40380859
14:25:49.75,-0.08544922,-0.03271484,1.22998046
14:25:49.90,-0.08642579,-0.04125977,1.21508789
14:25:50.04,-0.0834961,-0.03662109,1.22265625
14:25:50.19,-0.08325196,-0.04272461,1.21533203
14:25:50.31,-0.08496094,-0.03662109,1.22802734
14:25:50.46,-0.08422852,-0.03857422,1.22729492
14:25:50.60,-0.08276368,-0.03710937,1.21777343
14:25:50.75,-0.08374024,-0.04150391,1.2224121
14:25:50.89,-0.08496094,-0.03955078,1.22387695
14:25:51.03,-0.08154297,-0.03930664,1.22167968
14:25:51.18,-0.07788086,-0.03857422,1.2224121
14:25:51.31,-0.08325196,-0.04638672,1.23315429
14:25:51.45,-0.08496094,-0.03710937,1.22021484
14:25:51.59,-0.078125,-0.03833008,1.21606445
14:25:51.74,-0.08081055,-0.03271484,1.21801757
14:25:51.88,-0.07983398,-0.03295898,1.22485351
14:25:52.03,-0.08105469,-0.03686523,1.22412109
14:25:52.17,-0.08276368,-0.03881836,1.22802734
14:25:52.30,-0.08422852,-0.04296875,1.22094726
14:25:52.44,-0.08081055,-0.03833008,1.22094726
14:25:52.59,-0.08496094,-0.03881836,1.21826171
14:25:52.73,-0.08056641,-0.03784179,1.22680664
14:25:52.87,-0.08178711,-0.04370117,1.23071289
14:25:53.02,-0.0834961,-0.03564453,1.2302246
14:25:53.16,-0.08056641,-0.03417968,1.23071289
14:25:53.29,-0.08398438,-0.03515625,1.22094726
14:25:53.43,-0.08691407,-0.04467773,1.23583984
14:25:53.58,-0.08251954,-0.03686523,1.2265625
14:25:53.72,-0.0859375,-0.03784179,1.22094726
14:25:53.86,-0.08666993,-0.03808593,1.21704101
14:25:54.01,-0.0847168,-0.03662109,1.22021484
14:25:54.15,-0.08105469,-0.03637695,1.22094726
14:25:54.28,-0.08911133,-0.03686523,1.21972656
14:25:54.42,-0.08325196,-0.02783203,1.22583007
14:25:54.57,-0.08081055,-0.03613281,1.22485351
14:25:54.71,-0.08251954,-0.04101562,1.22045898
14:25:54.86,-0.04980469,0.0324707,1.36669921
14:25:55.00,-0.08959961,-0.03662109,1.21728515
14:25:55.14,-0.09228516,-0.05053711,1.2224121
14:25:55.27,-0.07983398,-0.03222656,1.21582031
14:25:55.42,-0.08569336,-0.03735351,1.22583007
14:25:55.56,-0.078125,-0.03295898,1.2290039
14:25:55.70,-0.0847168,-0.03588867,1.22167968
14:25:55.85,-0.08618165,-0.03759765,1.22314453
14:25:55.99,-0.07836914,-0.03759765,1.22509765
14:25:56.14,-0.08203125,-0.03735351,1.22412109
14:25:56.26,-0.07983398,-0.03076172,1.22412109
14:25:56.41,-0.08154297,-0.04248047,1.2277832
14:25:56.55,-0.08447266,-0.03491211,1.23120117
14:25:56.70,-0.0793457,-0.03540039,1.21875
14:25:56.84,-0.08959961,-0.03491211,1.22753906
14:25:56.98,-0.08447266,-0.03515625,1.21875
14:25:57.13,-0.08666993,-0.04077148,1.22631835
14:25:57.26,-0.08276368,-0.04370117,1.22485351
14:25:57.40,-0.0822754,-0.03662109,1.22070312
14:25:57.54,-0.08886719,-0.03515625,1.22485351
14:25:57.69,-0.08422852,-0.0336914,1.23535156
14:25:57.83,-0.07861328,-0.03930664,1.22729492
14:25:57.98,-0.08081055,-0.03540039,1.22143554
14:25:58.12,-0.0859375,-0.03491211,1.22436523
14:25:58.26,-0.0834961,-0.04516602,1.22094726
14:25:58.39,-0.08325196,-0.04003906,1.2224121
14:25:58.54,-0.0793457,-0.04321289,1.22924804
14:25:58.68,-0.08374024,-0.03759765,1.21582031
14:25:58.82,-0.08422852,-0.04101562,1.22485351
14:25:58.97,-0.08007813,-0.03930664,1.21801757
14:25:59.11,-0.08666993,-0.03295898,1.23095703
14:25:59.25,-0.08691407,-0.03417968,1.22070312
14:25:59.38,-0.07958984,-0.03759765,1.21704101
14:25:59.53,-0.08496094,-0.04272461,1.22875976
14:25:59.67,-0.08544922,-0.03955078,1.21582031
14:25:59.82,-0.08666993,-0.03735351,1.22314453
14:25:59.96,-0.13598632,-0.10668946,1.22875976
14:26:00.10,-0.08081055,-0.03710937,1.22802734
14:26:00.25,-0.08911133,-0.03320312,1.21508789
14:26:00.38,-0.08251954,-0.03271484,1.2290039
14:26:00.52,-0.08984375,-0.04321289,1.22070312
14:26:00.66,-0.08081055,-0.02880859,1.21655273
14:26:00.81,-0.08691407,-0.03076172,1.21875
14:26:00.95,-0.08618165,-0.03564453,1.21728515
14:26:01.09,-0.08618165,-0.03491211,1.22729492
14:26:01.24,-0.08300782,-0.04394531,1.22412109
14:26:01.37,-0.07739258,-0.03222656,1.22436523
14:26:01.51,-0.08886719,-0.03637695,1.21923828
14:26:01.65,-0.08984375,-0.03564453,1.21801757
14:26:01.80,-0.0793457,-0.03759765,1.23144531
14:26:01.94,-0.08251954,-0.03686523,1.22802734
14:26:02.09,-0.08447266,-0.04223633,1.21777343
14:26:02.23,-0.08154297,-0.04736328,1.21679687
14:26:02.36,-0.078125,-0.04150391,1.22045898
14:26:02.50,-0.0913086,-0.04174805,1.22143554
14:26:02.65,-0.08544922,-0.04077148,1.21264648
14:26:02.79,-0.07421875,-0.03320312,1.21850585
14:26:02.93,-0.0822754,-0.03759765,1.22387695
14:26:03.08,-0.0859375,-0.03857422,1.22290039
14:26:03.22,-0.08374024,-0.03686523,1.22387695
14:26:03.35,-0.08203125,-0.03540039,1.22607421
14:26:03.49,-0.07958984,-0.03735351,1.21899414
14:26:03.64,-0.08325196,-0.04101562,1.22094726
14:26:03.78,-0.07788086,-0.04174805,1.22338867
14:26:03.93,-0.08374024,-0.04223633,1.2211914
14:26:04.07,-0.08569336,-0.03881836,1.21948242
14:26:04.21,-0.08325196,-0.03466797,1.22534179
14:26:04.36,-0.08251954,-0.03784179,1.22631835
14:26:04.49,-0.08154297,-0.03442383,1.21972656
14:26:04.63,-0.0793457,-0.03784179,1.22998046
14:26:04.77,-0.08764649,-0.03149414,1.22265625
14:26:04.92,-0.08032227,-0.0336914,1.22045898
14:26:05.06,-0.078125,-0.04077148,1.22509765
14:26:05.21,-0.078125,-0.03662109,1.22460937
14:26:05.33,-0.05493164,0.01489258,1.26586914
14:26:05.48,-0.08911133,-0.03588867,1.21972656
14:26:05.62,-0.08129883,-0.04321289,1.2199707
14:26:05.76,-0.08789063,-0.03735351,1.22387695
14:26:05.91,-0.08325196,-0.03808593,1.22680664
14:26:06.05,-0.08178711,-0.03979492,1.22290039
14:26:06.20,-0.078125,-0.03417968,1.22290039
14:26:06.32,-0.08544922,-0.03857422,1.21533203
14:26:06.47,-0.08398438,-0.03833008,1.22412109
14:26:06.61,-0.08544922,-0.0336914,1.23461914
14:26:06.76,-0.08178711,-0.04223633,1.21582031
14:26:06.90,-0.08740235,-0.03662109,1.22680664
14:26:07.04,-0.08105469,-0.03808593,1.21850585
14:26:07.19,-0.08325196,-0.03515625,1.22558593
14:26:07.33,-0.0822754,-0.04199219,1.2265625
14:26:07.46,-0.07910156,-0.03710937,1.22851562
14:26:07.60,-0.07983398,-0.03686523,1.22436523
14:26:07.75,-0.0834961,-0.03613281,1.22192382
14:26:07.89,-0.08447266,-0.04296875,1.2224121
14:26:08.04,-0.08740235,-0.0402832,1.21777343
14:26:08.18,-0.0834961,-0.04052734,1.22875976
14:26:08.32,-0.0859375,-0.04101562,1.22534179
14:26:08.45,-0.0847168,-0.03515625,1.22412109
14:26:08.60,-0.08374024,-0.03417968,1.23144531
14:26:08.74,-0.08276368,-0.0402832,1.23046875
14:26:08.88,-0.08007813,-0.03637695,1.21606445
14:26:09.03,-0.0822754,-0.03686523,1.22167968
14:26:09.17,-0.08813477,-0.03491211,1.2211914
14:26:09.32,-0.08374024,-0.0402832,1.21728515
14:26:09.44,-0.08129883,-0.03857422,1.22729492
14:26:09.59,-0.0822754,-0.03588867,1.2224121
14:26:09.73,-0.08032227,-0.03637695,1.2211914
14:26:09.88,-0.07885742,-0.03759765,1.21801757
14:26:10.02,-0.08081055,-0.03759765,1.21582031
14:26:10.16,-0.08056641,-0.03149414,1.22070312
14:26:10.31,-0.09106446,-0.03466797,1.21972656
14:26:10.44,-0.07983398,-0.03417968,1.22827148
14:26:10.58,-0.05981445,-0.00366211,1.1430664
14:26:10.72,-0.07836914,-0.03564453,1.22949218
14:26:10.87,-0.07763672,-0.0390625,1.22363281
14:26:11.01,-0.08203125,-0.03784179,1.21875
14:26:11.16,-0.06811523,-0.04394531,1.22290039
14:26:11.30,-0.08740235,-0.03662109,1.22631835
14:26:11.43,-0.08081055,-0.03735351,1.22021484
14:26:11.57,-0.0822754,-0.0390625,1.2199707
14:26:11.71,-0.08520508,-0.03417968,1.22827148
14:26:11.86,-0.07910156,-0.03222656,1.22021484
14:26:12.00,-0.08178711,-0.03833008,1.22680664
14:26:12.15,-0.07788086,-0.03662109,1.22534179
14:26:12.29,-0.08789063,-0.03540039,1.22509765
14:26:12.42,-0.08447266,-0.02661133,1.22070312
14:26:12.56,-0.08520508,-0.03662109,1.22607421
14:26:12.71,-0.0822754,-0.03979492,1.22534179
14:26:12.85,-0.08666993,-0.03222656,1.23046875
14:26:13.00,-0.08813477,-0.03564453,1.22021484
14:26:13.14,-0.08154297,-0.03735351,1.21972656
14:26:13.28,-0.09179688,-0.03930664,1.2224121
14:26:13.43,-0.08642579,-0.03662109,1.22363281
14:26:13.55,-0.08740235,-0.03759765,1.22021484
14:26:13.70,-0.08447266,-0.03515625,1.21704101
14:26:13.84,-0.08398438,-0.0402832,1.22802734
14:26:13.99,-0.0847168,-0.03637695,1.22070312
14:26:14.13,-0.0859375,-0.03417968,1.2145996
14:26:14.27,-0.08496094,-0.03857422,1.21875
14:26:14.42,-0.0822754,-0.03735351,1.22973632
14:26:14.55,-0.08398438,-0.03515625,1.22192382
14:26:14.69,-0.08251954,-0.03320312,1.23217773
14:26:14.83,-0.08691407,-0.03759765,1.22192382
14:26:14.98,-0.08935547,-0.03979492,1.21850585
14:26:15.12,-0.07958984,-0.03540039,1.22192382
14:26:15.27,-0.08276368,-0.03417968,1.22167968
14:26:15.41,-0.08154297,-0.04077148,1.22192382
14:26:15.54,-0.08032227,-0.03930664,1.23608398
14:26:15.68,-0.0859375,-0.03149414,1.22412109
14:26:15.83,-0.08154297,-0.03686523,1.22583007
14:26:15.97,-0.08447266,-0.03564453,1.21655273
14:26:16.11,-0.08374024,-0.04125977,1.22290039
14:26:16.26,-0.07885742,-0.03784179,1.2265625
14:26:16.40,-0.09472657,-0.03588867,1.22094726
14:26:16.53,-0.0834961,-0.02905273,1.22167968
14:26:16.67,-0.08642579,-0.03198242,1.22485351
14:26:16.82,-0.08935547,-0.03833008,1.22387695
14:26:16.96,-0.0847168,-0.03613281,1.22680664
14:26:17.11,-0.0847168,-0.03808593,1.22265625
14:26:17.25,-0.08276368,-0.03515625,1.22534179
14:26:17.39,-0.08544922,-0.03833008,1.23242187
14:26:17.52,-0.08081055,-0.03491211,1.22412109
14:26:17.67,-0.08813477,-0.03759765,1.21923828
14:26:17.81,-0.08740235,-0.0390625,1.22290039
14:26:17.95,-0.08422852,-0.04101562,1.21801757
14:26:18.10,-0.08374024,-0.03857422,1.21118164
14:26:18.24,-0.08178711,-0.03686523,1.21899414
14:26:18.38,-0.08520508,-0.03491211,1.22509765
14:26:18.51,-0.08447266,-0.03222656,1.21826171
14:26:18.66,-0.08251954,-0.03588867,1.21826171
14:26:18.80,-0.08105469,-0.03515625,1.22827148
14:26:18.94,-0.07788086,-0.03637695,1.22460937
14:26:19.09,-0.08300782,-0.04492187,1.22387695
14:26:19.23,-0.08203125,-0.0402832,1.22607421
14:26:19.38,-0.08374024,-0.03784179,1.22412109
14:26:19.50,-0.08715821,-0.03271484,1.21606445
14:26:19.65,-0.08374024,-0.03955078,1.22094726
14:26:19.79,-0.08398438,-0.04003906,1.22509765
14:26:19.94,-0.08105469,-0.04394531,1.22680664
14:26:20.08,-0.08178711,-0.03320312,1.23120117
14:26:20.22,-0.08178711,-0.04223633,1.22094726
14:26:20.37,-0.08422852,-0.04174805,1.22753906
14:26:20.51,-0.08642579,-0.03198242,1.22290039
14:26:20.64,-0.08374024,-0.04101562,1.23071289
14:26:20.79,-0.08129883,-0.03955078,1.22216796
14:26:20.93,-0.08374024,-0.03491211,1.21875
14:26:21.07,-0.08618165,-0.03881836,1.2290039
14:26:21.22,-0.0834961,-0.04101562,1.2224121
14:26:21.36,-0.07470703,-0.03393554,1.22045898
14:26:21.50,-0.0834961,-0.0390625,1.22192382
14:26:21.63,-0.08276368,-0.0390625,1.21899414
14:26:21.78,-0.08813477,-0.03637695,1.2224121
14:26:21.92,-0.08520508,-0.03833008,1.22387695
14:26:22.06,-0.08789063,-0.03515625,1.21801757
14:26:22.21,-0.0859375,-0.03710937,1.22363281
14:26:22.35,-0.0847168,-0.03735351,1.22802734
14:26:22.50,-0.08642579,-0.03808593,1.22094726
14:26:22.62,-0.07861328,-0.03637695,1.22192382
14:26:22.77,-0.08959961,-0.04077148,1.21191406
14:26:22.91,-0.08691407,-0.04125977,1.2224121
14:26:23.05,-0.08935547,-0.03686523,1.22534179
14:26:23.20,-0.08618165,-0.03808593,1.21972656
14:26:23.34,-0.0793457,-0.04443359,1.22534179
14:26:23.49,-0.0859375,-0.03588867,1.21679687
14:26:23.62,-0.08496094,-0.03662109,1.22460937
14:26:23.76,-0.0834961,-0.0336914,1.22802734
14:26:23.90,-0.09570313,-0.03515625,1.22216796
14:26:24.05,-0.07617187,-0.04199219,1.21801757
14:26:24.19,-0.08374024,-0.03491211,1.21630859
14:26:24.33,-0.08081055,-0.03833008,1.22753906
14:26:24.48,-0.08544922,-0.03955078,1.22607421
14:26:24.61,-0.08251954,-0.04003906,1.21728515
14:26:24.75,-0.10131837,-0.03295898,1.23706054
14:26:24.89,-0.08007813,-0.03833008,1.22534179
14:26:25.04,-0.08325196,-0.03442383,1.22631835
14:26:25.18,-0.08056641,-0.03979492,1.2211914
14:26:25.33,-0.07983398,-0.03491211,1.22314453
14:26:25.47,-0.08569336,-0.04199219,1.22729492
14:26:25.61,-0.08398438,-0.03417968,1.21289062
14:26:25.74,-0.08496094,-0.03564453,1.22290039
14:26:25.89,-0.08325196,-0.03857422,1.22460937
14:26:26.03,-0.08422852,-0.03979492,1.21655273
14:26:26.17,-0.08129883,-0.03710937,1.2145996
14:26:26.32,-0.08154297,-0.03686523,1.21508789
14:26:26.46,-0.08300782,-0.03222656,1.21679687
14:26:26.61,-0.0822754,-0.04077148,1.21728515
14:26:26.73,-0.08789063,-0.03173828,1.21362304
14:26:26.88,-0.08178711,-0.03955078,1.2302246
14:26:27.02,-0.08520508,-0.03588867,1.22412109
14:26:27.17,-0.07641602,-0.03784179,1.22827148
14:26:27.31,-0.08325196,-0.04003906,1.22729492
14:26:27.46,-0.08789063,-0.03173828,1.21875
14:26:27.60,-0.08129883,-0.0390625,1.21704101
14:26:27.73,-0.08569336,-0.03857422,1.21948242
14:26:27.87,-0.08569336,-0.03808593,1.2211914
14:26:28.01,-0.08105469,-0.02783203,1.23120117
14:26:28.16,-0.08178711,-0.04174805,1.21557617
14:26:28.30,-0.0847168,-0.0402832,1.22509765
14:26:28.45,-0.07666016,-0.03857422,1.2302246
14:26:28.59,-0.08374024,-0.03833008,1.21850585
14:26:28.72,-0.08764649,-0.03735351,1.21191406
14:26:28.86,-0.08300782,-0.0324707,1.21484375
14:26:29.01,-0.08105469,-0.03662109,1.22338867
14:26:29.15,-0.0847168,-0.03857422,1.21777343
14:26:29.29,-0.08691407,-0.03955078,1.22460937
14:26:29.44,-0.07958984,-0.03784179,1.23364257
14:26:29.58,-0.08544922,-0.03564453,1.2199707
14:26:29.71,-0.08422852,-0.03857422,1.21679687
14:26:29.85,-0.08056641,-0.04199219,1.22290039
14:26:30.00,-0.08276368,-0.03759765,1.2224121
14:26:30.14,-0.08129883,-0.03051758,1.2211914
14:26:30.29,-0.08081055,-0.0402832,1.21826171
14:26:30.43,-0.08007813,-0.0336914,1.22827148
14:26:30.57,-0.08178711,-0.04101562,1.22167968
14:26:30.70,-0.08422852,-0.0402832,1.23242187
14:26:30.84,-0.08154297,-0.04077148,1.22265625
14:26:30.99,-0.08544922,-0.0390625,1.22998046
14:26:31.13,-0.08203125,-0.03637695,1.22558593
14:26:31.28,-0.08618165,-0.03881836,1.22265625
14:26:31.42,-0.0834961,-0.03735351,1.22509765
14:26:31.56,-0.08251954,-0.03442383,1.21899414
14:26:31.71,-0.07983398,-0.03613281,1.22192382
14:26:31.84,-0.0793457,-0.0402832,1.21850585
14:26:31.98,-0.08032227,-0.03515625,1.23168945
14:26:32.12,-0.0793457,-0.03955078,1.2109375
14:26:32.27,-0.07910156,-0.0324707,1.21435546
14:26:32.41,-0.08911133,-0.0324707,1.22631835
14:26:32.56,-0.08325196,-0.04052734,1.21435546
14:26:32.70,-0.08398438,-0.03808593,1.22045898
14:26:32.83,-0.08813477,-0.04174805,1.22558593
14:26:32.97,-0.08032227,-0.03442383,1.22680664
14:26:33.12,-0.08154297,-0.03344726,1.21948242
14:26:33.26,-0.07666016,-0.03442383,1.2145996
14:26:33.40,-0.0847168,-0.04614258,1.22045898
14:26:33.55,-0.08422852,-0.04150391,1.22167968
14:26:33.69,-0.0834961,-0.03759765,1.21240234
14:26:33.82,-0.08496094,-0.03881836,1.21899414
14:26:33.96,-0.08447266,-0.0402832,1.2199707
14:26:34.11,-0.08300782,-0.03222656,1.21850585
14:26:34.25,-0.08203125,-0.03588867,1.2211914
14:26:34.40,-0.08276368,-0.03588867,1.21118164
14:26:34.54,-0.08837891,-0.03344726,1.22631835
14:26:34.68,-0.08886719,-0.03588867,1.2290039
14:26:34.81,-0.09106446,-0.04003906,1.22387695
14:26:34.96,-0.08642579,-0.03857422,1.22192382
14:26:35.10,-0.0834961,-0.03686523,1.22705078
14:26:35.24,-0.08154297,-0.04516602,1.22363281
14:26:35.39,-0.08007813,-0.04077148,1.23046875
14:26:35.53,-0.08374024,-0.04785156,1.22192382
14:26:35.67,-0.08007813,-0.03784179,1.21679687
14:26:35.80,-0.08496094,-0.03686523,1.21655273
14:26:35.95,-0.08300782,-0.03613281,1.22583007
14:26:36.09,-0.11718751,-0.11279298,1.38549804
14:26:36.23,-0.07666016,-0.04443359,1.22680664
14:26:36.38,-0.09057618,-0.06274414,1.23364257
14:26:36.52,-0.08129883,-0.03125,1.21777343
14:26:36.67,-0.08666993,-0.04370117,1.21923828
14:26:36.79,-0.0834961,-0.03515625,1.21630859
14:26:36.94,-0.08105469,-0.03833008,1.21166992
14:26:37.08,-0.0822754,-0.03149414,1.22509765
14:26:37.23,-0.08300782,-0.03125,1.22875976
14:26:37.37,-0.08154297,-0.03808593,1.22265625
14:26:37.51,-0.08007813,-0.0402832,1.22827148
14:26:37.66,-0.0859375,-0.0390625,1.22314453
14:26:37.80,-0.0834961,-0.03735351,1.22338867
14:26:37.93,-0.08251954,-0.03637695,1.21655273
14:26:38.07,-0.08422852,-0.03588867,1.2199707
14:26:38.22,-0.078125,-0.03613281,1.22290039
14:26:38.36,-0.08422852,-0.03662109,1.21533203
14:26:38.51,-0.08544922,-0.03540039,1.21972656
14:26:38.65,-0.08325196,-0.03515625,1.22607421
14:26:38.79,-0.08422852,-0.03881836,1.22875976
14:26:38.92,-0.08618165,-0.0336914,1.21679687
14:26:39.07,-0.0859375,-0.03417968,1.21557617
14:26:39.21,-0.08642579,-0.04052734,1.22729492
14:26:39.35,-0.09057618,-0.04272461,1.21533203
14:26:39.50,-0.0847168,-0.03295898,1.21630859
14:26:39.64,-0.08398438,-0.03442383,1.22509765
14:26:39.79,-0.08325196,-0.03173828,1.22729492
14:26:39.92,-0.08398438,-0.03710937,1.21972656
14:26:40.06,-0.08666993,-0.03979492,1.21166992
14:26:40.20,-0.08544922,-0.04321289,1.22314453
14:26:40.35,-0.08056641,-0.04418945,1.22094726
14:26:40.49,-0.08789063,-0.03833008,1.21923828
14:26:40.63,-0.08081055,-0.03881836,1.2211914
14:26:40.78,-0.08007813,-0.03735351,1.21240234
14:26:40.91,-0.08325196,-0.03149414,1.21630859
14:26:41.05,-0.078125,-0.03833008,1.22485351
14:26:41.19,-0.08764649,-0.03857422,1.21118164
14:26:41.34,-0.08789063,-0.03784179,1.22509765
14:26:41.48,-0.08691407,-0.04174805,1.2145996
14:26:41.63,-0.07788086,-0.03784179,1.2224121
14:26:41.77,-0.08276368,-0.03393554,1.22387695
14:26:41.90,-0.08520508,-0.0390625,1.21826171
14:26:42.04,-0.08398438,-0.03442383,1.21435546
14:26:42.19,-0.08813477,-0.03833008,1.22363281
14:26:42.33,-0.08129883,-0.04003906,1.2145996
14:26:42.47,-0.08642579,-0.03466797,1.21875
14:26:42.62,-0.07861328,-0.03955078,1.22363281
14:26:42.76,-0.0822754,-0.0402832,1.21655273
14:26:42.89,-0.08203125,-0.03466797,1.20898437
14:26:43.03,-0.08984375,-0.03662109,1.22143554
14:26:43.18,-0.0834961,-0.04296875,1.21508789
14:26:43.32,-0.08276368,-0.04052734,1.22753906
14:26:43.47,-0.08007813,-0.03442383,1.21557617
14:26:43.61,-0.08129883,-0.03442383,1.22509765
14:26:43.75,-0.08251954,-0.03320312,1.22607421
14:26:43.90,-0.0834961,-0.03662109,1.22485351
14:26:44.02,-0.0822754,-0.03491211,1.22436523
14:26:44.17,-0.08496094,-0.04052734,1.23315429
14:26:44.31,-0.08203125,-0.03759765,1.23193359
14:26:44.46,-0.08276368,-0.04321289,1.21728515
14:26:44.60,-0.08374024,-0.03198242,1.22338867
14:26:44.74,-0.08203125,-0.0336914,1.21850585
14:26:44.89,-0.0847168,-0.03881836,1.2199707
14:26:45.02,-0.07617187,-0.0402832,1.22290039
14:26:45.16,-0.03662109,1.21972656,
14:26:45.31,-0.08862305,-0.03417968,1.21289062
14:26:45.45,-0.0834961,-0.03881836,1.21826171
14:26:45.59,-0.08203125,-0.03637695,1.21630859
14:26:45.74,-0.08081055,-0.04516602,1.21191406
14:26:45.88,-0.08520508,-0.03759765,1.22290039
14:26:46.01,-0.08203125,-0.03979492,1.21875
14:26:46.15,-0.08520508,-0.03808593,1.2133789
14:26:46.30,-0.0847168,-0.03759765,1.21679687
14:26:46.44,-0.08081055,-0.03515625,1.2133789
14:26:46.58,-0.08789063,-0.03735351,1.21704101
14:26:46.73,-0.08154297,-0.03613281,1.22485351
14:26:46.87,-0.07983398,-0.03076172,1.20874023
14:26:47.00,-0.08642579,-0.03979492,1.22485351
14:26:47.14,-0.07885742,-0.04199219,1.22534179
14:26:47.29,-0.07958984,-0.03540039,1.22290039
14:26:47.43,-0.08618165,-0.03784179,1.22412109
14:26:47.58,-0.08276368,-0.03320312,1.22167968
14:26:47.72,-0.07885742,-0.0390625,1.22167968
14:26:47.86,-0.08300782,-0.0336914,1.22387695
14:26:47.99,-0.08105469,-0.03808593,1.21826171
14:26:48.14,-0.08251954,-0.03735351,1.22143554
14:26:48.28,-0.08422852,-0.04003906,1.21191406
14:26:48.42,-0.08813477,-0.04199219,1.22192382
14:26:48.57,-0.08032227,-0.03857422,1.2265625
14:26:48.71,-0.08374024,-0.03784179,1.22851562
14:26:48.86,-0.08251954,-0.03442383,1.22534179
14:26:48.98,-0.08642579,-0.03710937,1.22314453
14:26:49.13,-0.08032227,-0.03735351,1.22094726
14:26:49.27,-0.08056641,-0.03833008,1.22583007
14:26:49.42,-0.08154297,-0.03857422,1.21606445
14:26:49.56,-0.08276368,-0.04174805,1.22192382
14:26:49.70,-0.0847168,-0.04174805,1.2133789
14:26:49.85,-0.08618165,-0.03515625,1.21264648
14:26:49.99,-0.08300782,-0.03955078,1.2211914
14:26:50.12,-0.08178711,-0.03833008,1.21850585
14:26:50.26,-0.08862305,-0.03442383,1.21533203
14:26:50.41,-0.08984375,-0.03637695,1.22192382
14:26:50.55,-0.08837891,-0.03344726,1.21484375
14:26:50.69,-0.08569336,-0.03930664,1.21801757
14:26:50.84,-0.08007813,-0.03833008,1.2199707
14:26:50.98,-0.09204102,-0.03784179,1.21362304
14:26:51.11,-0.08276368,-0.04125977,1.22290039
14:26:51.25,-0.08105469,-0.04003906,1.22338867
14:26:51.40,-0.08740235,-0.04077148,1.22045898
14:26:51.54,-0.09448243,-0.078125,1.19433593
14:26:51.69,-0.08520508,-0.0390625,1.22167968
14:26:51.83,-0.09350586,-0.04223633,1.21752929
14:26:51.97,-0.07983398,-0.03466797,1.22338867
14:26:52.10,-0.07983398,-0.04199219,1.21508789
14:26:52.25,-0.09033204,-0.04516602,1.22412109
14:26:52.39,-0.08618165,-0.0402832,1.22583007
14:26:52.53,-0.08618165,-0.04492187,1.22265625
14:26:52.68,-0.0822754,-0.03637695,1.21557617
14:26:52.82,-0.08740235,-0.03076172,1.21044921
14:26:52.97,-0.08642579,-0.03930664,1.21899414
14:26:53.10,-0.08837891,-0.0336914,1.22021484
14:26:53.24,-0.08520508,-0.04052734,1.22680664
14:26:53.38,-0.0822754,-0.03979492,1.22021484
14:26:53.53,-0.08618165,-0.03564453,1.2211914
14:26:53.67,-0.08569336,-0.03686523,1.21655273
14:26:53.81,-0.08300782,-0.03784179,1.22314453
14:26:53.96,-0.08862305,-0.03735351,1.22021484
14:26:54.09,-0.08618165,-0.03686523,1.22290039
14:26:54.23,-0.08691407,-0.03735351,1.21191406
14:26:54.37,-0.08447266,-0.03857422,1.22387695
14:26:54.52,-0.08178711,-0.04296875,1.21875
14:26:54.66,-0.08813477,-0.04248047,1.22534179
14:26:54.81,-0.08007813,-0.03125,1.21923828
14:26:54.95,-0.08276368,-0.03637695,1.22045898
14:26:55.08,-0.0859375,-0.02734375,1.21752929
14:26:55.22,-0.08642579,-0.04248047,1.22192382
14:26:55.37,-0.08154297,-0.03637695,1.22460937
14:26:55.51,-0.08544922,-0.03735351,1.22167968
14:26:55.65,-0.08007813,-0.03417968,1.21557617
14:26:55.80,-0.08789063,-0.03466797,1.21435546
14:26:55.94,-0.07495117,-0.0402832,1.22070312
14:26:56.09,-0.08203125,-0.04321289,1.22265625
14:26:56.21,-0.08300782,-0.03808593,1.21777343
14:26:56.36,-0.0822754,-0.04077148,1.21923828
14:26:56.50,-0.08520508,-0.03930664,1.20874023
14:26:56.64,-0.08447266,-0.04077148,1.22314453
14:26:56.79,-0.08740235,-0.12426759,1.23901367
14:26:56.93,-0.0847168,-0.0402832,1.2145996
14:26:57.08,-0.08251954,-0.03710937,1.22729492
14:26:57.20,-0.08618165,-0.04077148,1.21875
14:26:57.35,-0.08300782,-0.04003906,1.21655273
14:26:57.49,-0.08422852,-0.03808593,1.21484375
14:26:57.64,-0.08618165,-0.03320312,1.22363281
14:26:57.78,-0.07958984,-0.04150391,1.22265625
14:26:57.92,-0.0859375,-0.03442383,1.22485351
14:26:58.07,-0.08789063,-0.03198242,1.22363281
14:26:58.20,-0.08642579,-0.04296875,1.22045898
14:26:58.34,-0.08081055,-0.03637695,1.22436523
14:26:58.48,-0.0847168,-0.04296875,1.21630859
14:26:58.63,-0.07885742,-0.04052734,1.21240234
14:26:58.77,-0.08666993,-0.04003906,1.22363281
14:26:58.92,-0.07910156,-0.03955078,1.21826171
14:26:59.06,-0.07885742,-0.03515625,1.2199707
14:26:59.19,-0.08276368,-0.03564453,1.21191406
14:26:59.33,-0.08398438,-0.03417968,1.22070312
14:26:59.48,-0.08520508,-0.03881836,1.22070312
14:26:59.62,-0.08520508,-0.03833008,1.22216796
14:26:59.76,-0.08251954,-0.03442383,1.22387695
14:26:59.91,-0.08642579,-0.03588867,1.22485351
14:27:00.05,-0.09033204,-0.03881836,1.22045898
14:27:00.18,-0.08520508,-0.03808593,1.22875976
14:27:00.32,-0.08422852,-0.03710937,1.21777343
14:27:00.47,-0.08105469,-0.03881836,1.21484375
14:27:00.61,-0.08032227,-0.03930664,1.22631835
14:27:00.76,-0.07885742,-0.03564453,1.21777343
14:27:00.90,-0.08251954,-0.03613281,1.2211914
14:27:01.04,-0.08398438,-0.04052734,1.23144531
14:27:01.17,-0.08276368,-0.03564453,1.22363281
14:27:01.32,-0.08618165,-0.04077148,1.21850585
14:27:01.46,-0.07788086,-0.04272461,1.21142578
14:27:01.60,-0.10400391,0.04614258,1.2368164
14:27:01.75,-0.08251954,-0.03833008,1.22363281
14:27:01.89,-0.08789063,-0.03613281,1.22045898
14:27:02.03,-0.08740235,-0.04077148,1.22021484
14:27:02.16,-0.08813477,-0.03857422,1.21826171
14:27:02.31,-0.08251954,-0.03637695,1.22436523
14:27:02.45,-0.08203125,-0.0402832,1.22387695
14:27:02.60,-0.08178711,-0.03637695,1.2224121
14:27:02.74,-0.07861328,-0.03613281,1.21899414
14:27:02.88,-0.08398438,-0.03881836,1.21801757
14:27:03.03,-0.08056641,-0.03955078,1.21923828
14:27:03.15,-0.08642579,-0.02880859,1.21679687
14:27:03.30,-0.08544922,-0.03833008,1.21679687
14:27:03.44,-0.0822754,-0.04125977,1.20996093
14:27:03.59,-0.08544922,-0.03637695,1.21630859
14:27:03.73,-0.0822754,-0.04077148,1.22387695
14:27:03.87,-0.08618165,-0.03881836,1.21704101
14:27:04.02,-0.08300782,-0.04248047,1.2224121
14:27:04.15,-0.08374024,-0.03662109,1.2211914
14:27:04.29,-0.08081055,-0.03515625,1.22558593
14:27:04.43,-0.08642579,-0.03393554,1.22753906
14:27:04.58,-0.0834961,-0.03637695,1.21582031
14:27:04.72,-0.08129883,-0.04272461,1.22460937
14:27:04.87,-0.08886719,-0.03662109,1.22167968
14:27:05.01,-0.0847168,-0.0390625,1.21826171
14:27:05.15,-0.0847168,-0.03100586,1.21533203
14:27:05.28,-0.0859375,-0.04052734,1.22094726
14:27:05.43,-0.08447266,-0.0390625,1.22729492
14:27:05.57,-0.08642579,-0.03662109,1.22216796
14:27:05.71,-0.08837891,-0.03564453,1.22314453
14:27:05.86,-0.0847168,-0.03759765,1.21923828
14:27:06.00,-0.0859375,-0.03710937,1.21948242
14:27:06.15,-0.0847168,-0.04003906,1.21411132
14:27:06.27,-0.08276368,-0.0324707,1.2265625
14:27:06.42,-0.08496094,-0.03710937,1.21557617
14:27:06.56,-0.07983398,-0.03930664,1.22558593
14:27:06.71,-0.08715821,-0.03955078,1.21728515
14:27:06.85,-0.08666993,-0.03515625,1.21679687
14:27:07.00,-0.08642579,-0.03173828,1.22680664
14:27:07.14,-0.08129883,-0.03979492,1.21484375
14:27:07.27,-0.08837891,-0.03662109,1.21704101
14:27:07.41,-0.0834961,-0.03613281,1.22363281
14:27:07.55,-0.0847168,-0.03808593,1.22192382
14:27:07.70,-0.08007813,-0.03515625,1.22827148
14:27:07.84,-0.08007813,-0.04467773,1.22680664
14:27:07.99,-0.0834961,-0.03588867,1.21875
14:27:08.13,-0.07666016,-0.04003906,1.22045898
14:27:08.26,-0.08276368,-0.03979492,1.21972656
14:27:08.40,-0.0859375,-0.04248047,1.21948242
14:27:08.55,-0.09057618,-0.04296875,1.21850585
14:27:08.69,-0.08178711,-0.03735351,1.2109375
14:27:08.83,-0.08618165,-0.03125,1.2224121
14:27:08.98,-0.07910156,-0.03417968,1.21435546
14:27:09.12,-0.08496094,-0.03735351,1.21948242
14:27:09.25,-0.0847168,-0.03808593,1.21435546
14:27:09.39,-0.07763672,-0.03759765,1.22021484
14:27:09.54,-0.08105469,-0.03808593,1.22338867
14:27:09.68,-0.0834961,-0.03320312,1.22387695
14:27:09.83,-0.07885742,-0.03491211,1.22753906
14:27:09.97,-0.08911133,-0.03613281,1.22143554
14:27:10.11,-0.08496094,-0.03588867,1.22607421
14:27:10.24,-0.08129883,-0.03417968,1.21240234
14:27:10.38,-0.08276368,-0.03491211,1.21020507
14:27:10.53,-0.08325196,-0.03930664,1.22485351
14:27:10.67,-0.08398438,-0.03662109,1.21557617
14:27:10.82,-0.08056641,-0.03613281,1.21899414
14:27:10.96,-0.0847168,-0.03686523,1.2145996
14:27:11.11,-0.0834961,-0.04077148,1.21362304
14:27:11.23,-0.08666993,-0.04003906,1.22265625
14:27:11.38,-0.08496094,-0.03515625,1.21948242
14:27:11.52,-0.08520508,-0.02734375,1.22436523
14:27:11.67,-0.08105469,-0.04443359,1.22290039
14:27:11.81,-0.08618165,-0.03710937,1.23388671
14:27:11.95,-0.07641602,-0.03662109,1.2224121
14:27:12.10,-0.07983398,-0.04150391,1.21826171
14:27:12.24,-0.08007813,-0.03710937,1.20947265
14:27:12.37,-0.08007813,-0.03930664,1.21826171
14:27:12.51,-0.08178711,-0.03442383,1.22192382
14:27:12.66,-0.08422852,-0.03735351,1.21289062
14:27:12.80,-0.0793457,-0.04101562,1.22021484
14:27:12.94,-0.08325196,-0.03686523,1.22851562
14:27:13.09,-0.08105469,-0.03979492,1.22412109
14:27:13.23,-0.08496094,-0.03466797,1.22363281
14:27:13.36,-0.08300782,-0.03710937,1.21240234
14:27:13.50,-0.07836914,-0.03588867,1.21875
14:27:13.65,-0.08642579,-0.03515625,1.23095703
14:27:13.79,-0.08007813,-0.03442383,1.21972656
14:27:13.94,-0.08081055,-0.03637695,1.2133789
14:27:14.08,-0.0834961,-0.04199219,1.2265625
14:27:14.22,-0.0847168,-0.03442383,1.22192382
14:27:14.35,-0.08984375,-0.0390625,1.21875
14:27:14.50,-0.08959961,-0.03442383,1.21289062
14:27:14.64,-0.08325196,-0.03857422,1.21728515
14:27:14.78,-0.08154297,-0.03540039,1.21704101
14:27:14.93,-0.0834961,-0.03784179,1.21801757
14:27:15.07,-0.08398438,-0.03710937,1.21484375
14:27:15.22,-0.0847168,-0.03881836,1.2109375
14:27:15.34,-0.08251954,-0.04199219,1.22045898
14:27:15.49,-0.0834961,-0.0456543,1.22387695
14:27:15.63,-0.08520508,-0.03784179,1.22485351
14:27:15.77,-0.08081055,-0.03417968,1.22070312
14:27:15.92,-0.08007813,-0.04052734,1.22167968
14:27:16.06,-0.08251954,-0.03759765,1.22729492
14:27:16.21,-0.08789063,-0.0402832,1.21899414
14:27:16.34,-0.07714844,-0.03637695,1.21850585
14:27:16.48,-0.08569336,-0.03857422,1.22534179
14:27:16.62,-0.0847168,-0.03662109,1.22534179
14:27:16.77,-0.08276368,-0.0390625,1.21801757
14:27:16.91,-0.08618165,-0.03930664,1.20727539
14:27:17.05,-0.08618165,-0.03881836,1.21875
14:27:17.20,-0.07250977,-0.03295898,1.21533203
14:27:17.33,-0.08300782,-0.03784179,1.21118164
14:27:17.47,-0.09106446,-0.04370117,1.22583007
14:27:17.61,-0.08251954,-0.03051758,1.20141601
14:27:17.76,-0.08251954,-0.03881836,1.21801757
14:27:17.90,-0.08520508,-0.03710937,1.22094726
14:27:18.05,-0.08715821,-0.04077148,1.22705078
14:27:18.19,-0.08056641,-0.03686523,1.21728515
14:27:18.34,-0.07641602,-0.03320312,1.22265625
14:27:18.46,-0.07763672,-0.03588867,1.21606445
14:27:18.61,-0.0900879,-0.0402832,1.21264648
14:27:18.75,-0.08300782,-0.02978516,1.22094726
14:27:18.90,-0.08691407,-0.03662109,1.23217773
14:27:19.04,-0.08422852,-0.03295898,1.21923828
14:27:19.18,-0.08154297,-0.03515625,1.21582031
14:27:19.45,-0.08325196,-0.03784179,1.21142578
14:27:19.60,-0.08422852,-0.03784179,1.21630859
14:27:19.74,-0.08129883,-0.03857422,1.21679687
14:27:19.89,-0.08496094,-0.03491211,1.21655273
14:27:20.03,-0.08081055,-0.03857422,1.21630859
14:27:20.17,-0.08398438,-0.03564453,1.2224121
14:27:20.32,-0.0834961,-0.04101562,1.21655273
14:27:20.45,-0.08398438,-0.03857422,1.22802734
14:27:20.59,-0.07958984,-0.04052734,1.21264648
14:27:20.73,-0.08325196,-0.03857422,1.22167968
14:27:20.88,-0.08691407,-0.04174805,1.21875
14:27:21.02,-0.0769043,-0.04443359,1.2224121
14:27:21.17,-0.0822754,-0.03491211,1.2145996
14:27:21.31,-0.078125,-0.03686523,1.22070312
14:27:21.44,-0.078125,-0.03271484,1.21899414
14:27:21.58,-0.08764649,-0.04174805,1.20800781
14:27:21.73,-0.07397461,-0.03857422,1.22192382
14:27:21.87,-0.08740235,-0.03491211,1.22021484
14:27:22.01,-0.0859375,-0.04003906,1.21362304
14:27:22.16,-0.08520508,-0.03320312,1.21948242
14:27:22.30,-0.09057618,-0.03759765,1.22265625
14:27:22.43,-0.08569336,-0.03857422,1.22094726
14:27:22.57,-0.08251954,-0.0336914,1.21191406
14:27:22.72,-0.08544922,-0.03515625,1.22045898
14:27:22.86,-0.0834961,-0.03955078,1.21533203
14:27:23.00,-0.0900879,-0.04174805,1.21362304
14:27:23.15,-0.08886719,-0.03881836,1.22314453
14:27:23.29,-0.09936524,-0.0612793,1.14941406
14:27:23.42,-0.08178711,-0.03564453,1.21752929
14:27:23.56,-0.08178711,-0.03100586,1.22167968
14:27:23.71,-0.08398438,-0.03662109,1.21630859
14:27:23.85,-0.08081055,-0.03320312,1.21948242
14:27:24.00,-0.0847168,-0.03881836,1.21948242
14:27:24.14,-0.08325196,-0.02783203,1.2211914
14:27:24.28,-0.08276368,-0.04150391,1.2121582
14:27:24.43,-0.08105469,-0.03710937,1.22680664
14:27:24.56,-0.08422852,-0.03710937,1.21850585
14:27:24.70,-0.08544922,-0.03955078,1.22460937
14:27:24.84,-0.08764649,-0.03784179,1.2133789
14:27:24.99,-0.08374024,-0.03173828,1.22631835
14:27:25.13,-0.08032227,-0.03564453,1.21826171
14:27:25.28,-0.08789063,-0.0402832,1.22094726
14:27:25.42,-0.08276368,-0.03784179,1.2302246
14:27:25.55,-0.08740235,-0.03295898,1.23046875
14:27:25.69,-0.08837891,-0.03588867,1.22485351
14:27:25.84,-0.0834961,-0.03784179,1.21752929
14:27:25.98,-0.07739258,-0.03857422,1.22607421
14:27:26.12,-0.08862305,-0.03784179,1.22753906
14:27:26.27,-0.08178711,-0.04003906,1.22094726
14:27:26.41,-0.08203125,-0.04077148,1.21899414
14:27:26.54,-0.08300782,-0.0390625,1.22021484
14:27:26.68,-0.0793457,-0.03784179,1.21533203
14:27:26.83,-0.07861328,-0.03515625,1.22290039
14:27:26.97,-0.07446289,-0.02929687,1.21655273
14:27:27.12,-0.08666993,-0.03735351,1.23120117
14:27:27.26,-0.08007813,-0.0390625,1.22167968
14:27:27.40,-0.08374024,-0.03979492,1.22534179
14:27:27.53,-0.08691407,-0.02880859,1.21801757
14:27:27.68,-0.0793457,-0.04467773,1.21801757
14:27:27.82,-0.08764649,-0.03979492,1.21411132
14:27:27.96,-0.07958984,-0.03979492,1.22363281
14:27:28.11,-0.0822754,-0.03417968,1.22509765
14:27:28.25,-0.08129883,-0.04150391,1.22290039
14:27:28.40,-0.08544922,-0.0390625,1.21826171
14:27:28.52,-0.08032227,-0.03784179,1.21069335
14:27:28.67,-0.0847168,-0.03662109,1.22583007
14:27:28.81,-0.07861328,-0.04541016,1.21752929
14:27:28.96,-0.07836914,-0.04077148,1.20996093
14:27:29.10,-0.08398438,-0.03320312,1.22021484
14:27:29.24,-0.07958984,-0.03662109,1.20458984
14:27:29.39,-0.08129883,-0.04467773,1.21508789
14:27:29.51,-0.08007813,-0.03271484,1.22143554
14:27:29.66,-0.08129883,-0.03759765,1.21655273
14:27:29.80,-0.0859375,-0.03613281,1.22338867
14:27:29.95,-0.08618165,-0.03784179,1.21630859
14:27:30.09,-0.08398438,-0.04003906,1.22094726
14:27:30.23,-0.08251954,-0.04052734,1.21728515
14:27:30.38,-0.0793457,-0.04321289,1.22143554
14:27:30.52,-0.08715821,-0.04223633,1.22192382
14:27:30.65,-0.08544922,-0.03710937,1.21826171
14:27:30.79,-0.08715821,-0.04125977,1.21533203
14:27:30.94,-0.08813477,-0.03710937,1.2224121
14:27:31.08,-0.08447266,-0.03588867,1.21752929
14:27:31.23,-0.08544922,-0.03833008,1.21313476
14:27:31.37,-0.08129883,-0.0402832,1.21582031
14:27:31.51,-0.08544922,-0.04101562,1.22363281
14:27:31.64,-0.08398438,-0.03955078,1.21630859
14:27:31.79,-0.08178711,-0.0390625,1.21899414
14:27:31.93,-0.08007813,-0.03833008,1.22143554
14:27:32.07,-0.08203125,-0.03784179,1.22192382
14:27:32.22,-0.0793457,-0.0390625,1.22753906
14:27:32.36,-0.08325196,-0.03833008,1.2133789
14:27:32.51,-0.08715821,-0.0390625,1.21826171
14:27:32.63,-0.07983398,-0.03735351,1.22802734
14:27:32.78,-0.08374024,-0.03686523,1.22607421
14:27:32.92,-0.08422852,-0.03710937,1.21240234
14:27:33.07,-0.08251954,-0.0390625,1.20825195
14:27:33.21,-0.0769043,-0.03417968,1.21313476
14:27:33.35,-0.08544922,-0.03540039,1.22363281
14:27:33.50,-0.0847168,-0.03881836,1.2199707
14:27:33.63,-0.0834961,-0.03833008,1.2277832
14:27:33.77,-0.08398438,-0.04052734,1.21655273
14:27:33.91,-0.09521485,-0.02124023,1.24316406
14:27:34.06,-0.0847168,-0.03417968,1.21484375
14:27:34.20,-0.08300782,-0.03857422,1.22583007
14:27:34.35,-0.08422852,-0.04003906,1.21972656
14:27:34.49,-0.08740235,-0.04370117,1.2224121
14:27:34.62,-0.08544922,-0.03637695,1.22753906
14:27:34.76,-0.08032227,-0.03955078,1.21899414
14:27:34.91,-0.08740235,-0.04418945,1.20800781
14:27:35.05,-0.08276368,-0.03735351,1.22021484
14:27:35.19,-0.08154297,-0.03759765,1.20849609
14:27:35.34,-0.08129883,-0.04223633,1.2145996
14:27:35.48,-0.08325196,-0.03588867,1.21606445
14:27:35.61,-0.0847168,-0.03955078,1.22534179
14:27:35.75,-0.08251954,-0.03417968,1.21850585
14:27:35.90,-0.09155274,-0.03149414,1.21899414
14:27:36.04,-0.08569336,-0.03930664,1.21655273
14:27:36.19,-0.07958984,-0.04052734,1.22045898
14:27:36.33,-0.08422852,-0.03833008,1.21752929
14:27:36.47,-0.07958984,-0.03051758,1.21801757
14:27:36.62,-0.0822754,-0.02954102,1.21557617
14:27:36.75,-0.0859375,-0.03491211,1.21972656
14:27:36.89,-0.08129883,-0.03442383,1.2211914
14:27:37.03,-0.08618165,-0.03881836,1.22338867
14:27:37.18,-0.08496094,-0.03881836,1.22827148
14:27:37.32,-0.08300782,-0.03784179,1.22460937
14:27:37.46,-0.08251954,-0.03710937,1.2265625
14:27:37.61,-0.07324219,-0.03735351,1.21630859
14:27:37.74,-0.08422852,-0.03710937,1.21875
14:27:37.88,-0.08715821,-0.03808593,1.21484375
14:27:38.03,-0.0793457,-0.03662109,1.22265625
14:27:38.17,-0.08007813,-0.03588867,1.21655273
14:27:38.31,-0.0834961,-0.03613281,1.21435546
14:27:38.46,-0.07470703,-0.03857422,1.22094726
14:27:38.60,-0.08007813,-0.04101562,1.21582031
14:27:38.73,-0.0822754,-0.04003906,1.2277832
14:27:38.87,-0.08398438,-0.03833008,1.2211914
14:27:39.02,-0.08154297,-0.0402832,1.2133789
14:27:39.16,-0.04980469,-0.02075195,1.2302246
14:27:39.31,-0.08325196,-0.03491211,1.22167968
14:27:39.45,-0.08544922,-0.03637695,1.21899414
14:27:39.59,-0.08154297,-0.03442383,1.2109375
14:27:39.72,-0.07739258,-0.03564453,1.22216796
14:27:39.87,-0.08398438,-0.03930664,1.2199707
14:27:40.01,-0.0834961,-0.03491211,1.21557617
14:27:40.15,-0.08300782,-0.03710937,1.21557617
14:27:40.30,-0.08398438,-0.03955078,1.22436523
14:27:40.44,-0.07714844,-0.04077148,1.22192382
14:27:40.58,-0.08764649,-0.03784179,1.20410156
14:27:40.71,-0.08764649,-0.03613281,1.22583007
14:27:40.86,-0.08081055,-0.0324707,1.2145996
14:27:41.00,-0.0822754,-0.03442383,1.22680664
14:27:41.14,-0.0859375,-0.03808593,1.20336914
14:27:41.29,-0.0822754,-0.03857422,1.21411132
14:27:41.43,-0.08862305,-0.03881836,1.22045898
14:27:41.58,-0.08129883,-0.03759765,1.21240234
14:27:41.70,-0.08398438,-0.04370117,1.21826171
14:27:41.85,-0.08251954,-0.03466797,1.21289062
14:27:41.99,-0.0822754,-0.03417968,1.21777343
14:27:42.14,-0.07885742,-0.03662109,1.22192382
14:27:42.28,-0.08496094,-0.0402832,1.21508789
14:27:42.42,-0.08544922,-0.03955078,1.21411132
14:27:42.57,-0.07788086,-0.03149414,1.22094726
14:27:42.71,-0.08081055,-0.03833008,1.22192382
14:27:42.84,-0.08178711,-0.04052734,1.22045898
14:27:42.98,-0.08300782,-0.03808593,1.22436523
14:27:43.13,-0.08569336,-0.03955078,1.21630859
14:27:43.27,-0.0822754,-0.03320312,1.21850585
14:27:43.41,-0.08325196,-0.03686523,1.22192382
14:27:43.56,-0.08325196,-0.03759765,1.2199707
14:27:43.70,-0.08764649,-0.03955078,1.21582031
14:27:43.83,-0.07885742,-0.03027344,1.21166992
14:27:43.97,-0.08496094,-0.03955078,1.22143554
14:27:44.12,-0.08007813,-0.03759765,1.22192382
14:27:44.26,-0.08447266,-0.03881836,1.22534179
14:27:44.41,-0.08520508,-0.03710937,1.21972656
14:27:44.55,-0.08666993,-0.03417968,1.21923828
14:27:44.70,-0.08520508,-0.03735351,1.21655273
14:27:44.82,-0.08007813,-0.04174805,1.23242187
14:27:44.97,-0.0847168,-0.03491211,1.21630859
14:27:45.11,-0.08105469,-0.03686523,1.22021484
14:27:45.25,-0.08276368,-0.03637695,1.22265625
14:27:45.40,-0.08300782,-0.03735351,1.22583007
14:27:45.54,-0.08105469,-0.03808593,1.21777343
14:27:45.69,-0.08496094,-0.03540039,1.20947265
14:27:45.81,-0.08105469,-0.03881836,1.22607421
14:27:45.96,-0.08300782,-0.03393554,1.21972656
14:27:46.10,-0.08691407,-0.04394531,1.21826171
14:27:46.25,-0.078125,-0.03637695,1.22094726
14:27:46.39,-0.07885742,-0.04150391,1.22192382